departamento,provincia,distrito,ubigeo,nivel,puntos,poblacion,poblacion_con_acceso_vial,pct_sin_acceso_vial,t_medio_pond_min,t_p50_pond_min,t_p90_pond_min
AYACUCHO,HUANTA,AYAHUANCO,050402,distrito,10,0,0,0.0,,,
AYACUCHO,HUANTA,PUCACOLPA,050411,distrito,10,0,0,0.0,,,
AYACUCHO,HUANTA,PUTIS,050413,distrito,10,0,0,0.0,,,
AYACUCHO,HUANTA,SANTILLANA,050406,distrito,10,0,0,0.0,,,
AYACUCHO,LUCANAS,OCAÑA,050612,distrito,15,2738,0,100.0,,,
AYACUCHO,PARINACOCHAS,PACAPAUSA,050704,distrito,10,0,0,0.0,,,
AYACUCHO,PARINACOCHAS,SAN FRANCISCO DE RAVACAYCO,050707,distrito,10,0,0,0.0,,,
AYACUCHO,PAUCAR DEL SARA SARA,COLTA,050802,distrito,10,0,0,0.0,,,
AYACUCHO,PAUCAR DEL SARA SARA,SAN JAVIER DE ALPABAMBA,050808,distrito,10,0,0,0.0,,,
AYACUCHO,SUCRE,BELEN,050902,distrito,4,0,0,0.0,,,
AYACUCHO,SUCRE,HUACAÑA,050905,distrito,11,715,0,100.0,,,
AYACUCHO,SUCRE,SAN PEDRO DE LARCAY,050908,distrito,10,0,0,0.0,,,
AYACUCHO,SUCRE,SAN SALVADOR DE QUIJE,050909,distrito,10,0,0,0.0,,,
AYACUCHO,VICTOR FAJARDO,APONGO,051003,distrito,10,0,0,0.0,,,
AYACUCHO,VICTOR FAJARDO,ASQUIPATA,051004,distrito,10,0,0,0.0,,,
AYACUCHO,VILCAS HUAMAN,INDEPENDENCIA,051106,distrito,10,0,0,0.0,,,
LORETO,DATEM DEL MARAÑON,ANDOAS,160706,distrito,25,8681,0,100.0,,,
LORETO,DATEM DEL MARAÑON,BARRANCA,160701,distrito,38,16273,0,100.0,,,
LORETO,DATEM DEL MARAÑON,CAHUAPANAS,160702,distrito,24,7859,0,100.0,,,
LORETO,DATEM DEL MARAÑON,MORONA,160704,distrito,64,31076,0,100.0,,,
LORETO,DATEM DEL MARAÑON,PASTAZA,160705,distrito,24,8067,0,100.0,,,
LORETO,LORETO,PARINARI,160302,distrito,22,6732,0,100.0,,,
LORETO,LORETO,URARINAS,160305,distrito,39,16535,0,100.0,,,
LORETO,MAYNAS,LAS AMAZONAS,160105,distrito,26,9128,0,100.0,,,
LORETO,MAYNAS,TORRES CAUSANA,160110,distrito,19,5084,0,100.0,,,
LORETO,PUTUMAYO,ROSA PANDURO,160802,distrito,10,215,0,100.0,,,
LORETO,PUTUMAYO,TENIENTE MANUEL CLAVERO,160803,distrito,19,4942,0,100.0,,,
LORETO,REQUENA,ALTO TAPICHE,160502,distrito,13,1932,0,100.0,,,
LORETO,REQUENA,EMILIO SAN MARTIN,160504,distrito,22,7193,0,100.0,,,
LORETO,REQUENA,MAQUIA,160505,distrito,24,7889,0,100.0,,,
LORETO,REQUENA,PUINAHUA,160506,distrito,10,0,0,0.0,,,
LORETO,REQUENA,TAPICHE,160509,distrito,10,0,0,0.0,,,
LORETO,UCAYALI,PADRE MARQUEZ,160603,distrito,10,0,0,0.0,,,
LORETO,MARISCAL RAMON CASTILLA,YAVARI,160403,distrito,36,14688,1607,89.06,4919.5,4922.1,4922.1
LORETO,MARISCAL RAMON CASTILLA,RAMON CASTILLA,160401,distrito,62,29649,13940,52.98,4914.7,4917.0,4922.1
LORETO,PUTUMAYO,YAGUAS,160804,distrito,14,2359,59,97.48,4903.7,4903.7,4903.7
LORETO,MARISCAL RAMON CASTILLA,SAN PABLO,160404,distrito,39,16354,5303,67.58,3253.5,3348.9,3860.3
LORETO,PUTUMAYO,PUTUMAYO,160801,distrito,19,5039,2442,51.54,2204.5,2204.5,2204.5
LORETO,MARISCAL RAMON CASTILLA,PEBAS,160402,distrito,43,19017,3119,83.6,2204.0,2204.0,2204.0
LORETO,LORETO,TROMPETEROS,160304,distrito,38,16322,3382,79.28,1736.6,1736.6,1736.6
LORETO,ALTO AMAZONAS,LAGUNAS,160206,distrito,34,13721,12753,7.05,1729.9,1726.6,1743.0
LORETO,ALTO AMAZONAS,SANTA CRUZ,160210,distrito,18,4558,695,84.76,869.7,869.7,869.7
AYACUCHO,LA MAR,ORONCCOY,050511,distrito,31,11943,1623,86.41,451.0,451.0,459.8
LORETO,DATEM DEL MARAÑON,MANSERICHE,160703,distrito,29,11071,10866,1.85,407.2,407.2,411.8
LORETO,UCAYALI,PAMPA HERMOSA,160604,distrito,31,13004,9633,25.92,295.6,295.6,295.6
AYACUCHO,LUCANAS,HUAC-HUAS,050607,distrito,15,2991,2991,0.0,286.9,286.9,286.9
AYACUCHO,LUCANAS,LARAMATE,050608,distrito,12,1256,972,22.56,264.9,270.5,272.8
LORETO,UCAYALI,INAHUAYA,160602,distrito,8,2863,2863,0.0,255.0,255.0,255.0
AYACUCHO,LUCANAS,LLAUTA,050610,distrito,12,1062,1062,0.0,247.9,247.9,247.9
AYACUCHO,PAUCAR DEL SARA SARA,CORCULLA,050803,distrito,11,399,231,42.06,209.9,209.9,226.0
AYACUCHO,LUCANAS,SAN PEDRO DE PALCO,050618,distrito,12,1325,558,57.85,209.5,209.5,209.5
AYACUCHO,HUANCA SANCOS,SANTIAGO DE LUCANAMARCA,050304,distrito,14,2591,2591,0.0,198.0,198.0,198.0
AYACUCHO,LUCANAS,OTOCA,050613,distrito,15,3155,3155,0.0,194.9,194.9,194.9
AYACUCHO,PAUCAR DEL SARA SARA,SAN JOSE DE USHUA,050809,distrito,10,170,170,0.0,193.6,193.6,194.6
AYACUCHO,LA MAR,CHUNGUI,050505,distrito,14,2638,1162,55.97,192.3,143.4,272.6
AYACUCHO,PAUCAR DEL SARA SARA,OYOLO,050806,distrito,12,1234,1157,6.22,177.2,175.2,187.1
LAMBAYEQUE,FERREÑAFE,CAÑARIS,140202,distrito,34,13897,12736,8.36,173.0,181.8,191.2
LORETO,UCAYALI,VARGAS GUERRA,160606,distrito,25,8756,5891,32.72,168.7,168.7,168.7
AYACUCHO,SUCRE,CHALCOS,050903,distrito,11,596,596,0.0,163.0,163.0,163.0
AYACUCHO,LUCANAS,SANCOS,050619,distrito,26,9242,8595,6.99,160.1,210.9,214.7
AYACUCHO,PARINACOCHAS,CORONEL CASTAÑEDA,050703,distrito,14,2199,2026,7.87,159.0,162.0,204.9
AYACUCHO,SUCRE,SANTIAGO DE PAUCARAY,050910,distrito,11,663,663,0.0,157.9,157.9,157.9
AYACUCHO,SUCRE,PAICO,050907,distrito,11,783,783,0.0,155.6,155.6,155.6
AYACUCHO,SUCRE,CHILCAYOC,050904,distrito,11,524,524,0.0,153.5,153.5,153.5
LORETO,UCAYALI,SARAYACU,160605,distrito,38,16185,16185,0.0,151.5,151.5,151.5
AYACUCHO,SUCRE,SORAS,050911,distrito,12,1375,1375,0.0,149.3,147.5,158.6
AYACUCHO,VICTOR FAJARDO,VILCANCHOS,051012,distrito,15,2704,2704,0.0,148.6,148.7,157.8
AYACUCHO,LUCANAS,SANTA LUCIA,050621,distrito,11,828,828,0.0,148.4,149.9,151.2
AYACUCHO,CANGALLO,TOTOS,050206,distrito,16,3482,3482,0.0,142.7,140.0,151.3
LAMBAYEQUE,FERREÑAFE,INCAHUASI,140203,distrito,34,13914,13624,2.09,140.8,143.6,156.3
AYACUCHO,CANGALLO,PARAS,050205,distrito,17,4295,3721,13.35,138.8,142.6,146.1
AYACUCHO,HUANCA SANCOS,SANCOS,050301,distrito,17,3989,3542,11.21,135.2,114.8,223.5
AYACUCHO,VILCAS HUAMAN,CONCEPCION,051104,distrito,16,3700,3700,0.0,130.8,129.5,138.9
AYACUCHO,HUAMANGA,OCROS,050106,distrito,21,6270,6270,0.0,129.1,133.6,141.3
LORETO,REQUENA,SOPLIN,160508,distrito,11,678,678,0.0,126.1,126.1,126.1
LORETO,REQUENA,REQUENA,160501,distrito,62,29661,28088,5.3,126.1,126.1,126.1
LORETO,REQUENA,SAQUENA,160507,distrito,19,5177,4245,18.01,126.1,126.1,126.1
LORETO,REQUENA,CAPELO,160503,distrito,16,4408,4408,0.0,126.1,126.1,126.1
LORETO,REQUENA,JENARO HERRERA,160510,distrito,20,5839,5839,0.0,126.1,126.1,126.1
LORETO,REQUENA,YAQUERANA,160511,distrito,15,3172,1605,49.4,125.8,125.8,125.9
AYACUCHO,VILCAS HUAMAN,CARHUANCA,051103,distrito,12,943,943,0.0,125.1,125.1,127.7
AYACUCHO,SUCRE,QUEROBAMBA,050901,distrito,14,2523,2523,0.0,120.2,117.2,138.6
LORETO,LORETO,NAUTA,160301,distrito,70,34496,28821,16.45,119.1,122.5,125.0
AYACUCHO,VILCAS HUAMAN,SAURAMA,051107,distrito,12,1206,1206,0.0,115.9,115.9,115.9
AYACUCHO,PAUCAR DEL SARA SARA,MARCABAMBA,050805,distrito,11,758,758,0.0,115.2,114.3,117.5
AYACUCHO,HUANCA SANCOS,SACSAMARCA,050303,distrito,12,1400,1400,0.0,112.3,115.4,118.2
AYACUCHO,SUCRE,MORCOLLA,050906,distrito,12,1165,624,46.42,111.7,112.2,114.7
AYACUCHO,VILCAS HUAMAN,HUAMBALPA,051105,distrito,14,2150,2150,0.0,110.7,110.7,110.9
AYACUCHO,VILCAS HUAMAN,ACCOMARCA,051102,distrito,11,829,829,0.0,109.1,109.1,109.1
AYACUCHO,PAUCAR DEL SARA SARA,LAMPA,050804,distrito,14,2643,2643,0.0,105.9,105.8,109.7
AYACUCHO,VICTOR FAJARDO,HUAMANQUIQUIA,051008,distrito,12,1262,1262,0.0,100.4,101.0,104.6
AYACUCHO,LA MAR,LUIS CARRANZA,050506,distrito,12,1048,1048,0.0,99.5,102.1,111.8
AYACUCHO,LUCANAS,SAISA,050614,distrito,12,964,964,0.0,98.3,98.3,105.3
AYACUCHO,LUCANAS,CHIPAO,050606,distrito,16,3747,3389,9.57,97.4,91.3,136.9
AYACUCHO,LA MAR,ANCO,050502,distrito,35,14329,12047,15.92,96.4,90.5,114.8
AYACUCHO,PAUCAR DEL SARA SARA,PAUSA,050801,distrito,15,2816,2816,0.0,93.8,91.8,100.2
AYACUCHO,LUCANAS,LEONCIO PRADO,050609,distrito,12,1291,1291,0.0,93.5,93.5,93.5
AYACUCHO,HUANCA SANCOS,CARAPO,050302,distrito,14,2386,2386,0.0,92.8,89.5,100.9
LAMBAYEQUE,CHICLAYO,OYOTUN,140110,distrito,25,8843,8843,0.0,92.1,75.9,162.2
LAMBAYEQUE,LAMBAYEQUE,OLMOS,140308,distrito,84,42531,36297,14.66,86.7,85.3,107.1
AYACUCHO,PARINACOCHAS,UPAHUACHO,050708,distrito,17,4088,4088,0.0,86.3,88.0,93.1
AYACUCHO,PARINACOCHAS,PULLO,050705,distrito,20,5566,5363,3.64,83.9,64.0,161.9
AYACUCHO,VILCAS HUAMAN,VILCAS HUAMAN,051101,distrito,25,8624,8624,0.0,82.4,70.2,96.4
LORETO,MAYNAS,ALTO NANAY,160102,distrito,15,2745,872,68.23,80.8,80.8,80.8
LORETO,LORETO,TIGRE,160303,distrito,25,8741,1155,86.79,80.8,80.8,80.8
AYACUCHO,PAUCAR DEL SARA SARA,PARARCA,050807,distrito,10,636,636,0.0,80.2,80.2,80.2
LORETO,ALTO AMAZONAS,BALSAPUERTO,160202,distrito,43,19109,2815,85.27,78.4,91.6,97.7
AYACUCHO,VICTOR FAJARDO,SARHUA,051011,distrito,15,2730,2730,0.0,78.0,77.6,80.5
AYACUCHO,LUCANAS,SANTA ANA DE HUAYCAHUACHO,050620,distrito,7,643,643,0.0,76.5,76.5,76.5
AYACUCHO,LA MAR,UNION PROGRESO,050512,distrito,7,2991,2991,0.0,76.4,76.7,77.4
LAMBAYEQUE,LAMBAYEQUE,SALAS,140310,distrito,31,11840,11840,0.0,74.6,57.1,121.4
AYACUCHO,LA MAR,CHILCAS,050504,distrito,16,3431,1469,57.17,71.7,71.7,74.2
AYACUCHO,LUCANAS,SAN CRISTOBAL,050615,distrito,14,2315,1882,18.73,70.7,70.7,74.3
AYACUCHO,LA MAR,ANCHIHUAY,050510,distrito,14,2208,2208,0.0,70.6,67.4,84.0
AYACUCHO,PAUCAR DEL SARA SARA,SARA SARA,050810,distrito,11,706,706,0.0,70.3,70.3,70.3
AYACUCHO,VICTOR FAJARDO,CANARIA,051005,distrito,17,4147,4147,0.0,69.8,66.9,81.9
AYACUCHO,LUCANAS,AUCARA,050602,distrito,21,6463,6043,6.5,68.3,68.3,74.5
LAMBAYEQUE,CHICLAYO,NUEVA ARICA,140109,distrito,12,2003,2003,0.0,65.9,67.8,70.7
AYACUCHO,LUCANAS,CABANA,050603,distrito,20,5992,5992,0.0,65.2,64.1,64.9
AYACUCHO,LUCANAS,LUCANAS,050611,distrito,18,4603,3362,26.95,65.0,40.7,124.8
LORETO,ALTO AMAZONAS,JEBEROS,160205,distrito,18,4903,4903,0.0,64.4,64.4,64.4
AYACUCHO,HUAMANGA,VINCHOS,050114,distrito,36,14826,14826,0.0,62.9,56.8,82.3
AYACUCHO,HUANTA,UCHURACCAY,050410,distrito,14,2126,2126,0.0,62.8,62.8,64.2
AYACUCHO,CANGALLO,CHUSCHI,050202,distrito,24,7789,7789,0.0,61.4,63.0,69.8
AYACUCHO,HUAMANGA,ACOCRO,050102,distrito,30,11570,11570,0.0,59.1,56.4,72.5
AYACUCHO,HUANTA,CANAYRE,050409,distrito,18,9460,9460,0.0,59.0,58.9,59.6
LAMBAYEQUE,LAMBAYEQUE,CHOCHOPE,140302,distrito,12,963,963,0.0,57.7,57.6,62.1
LORETO,MAYNAS,FERNANDO LORES,160103,distrito,45,20062,20062,0.0,56.4,56.4,56.4
AYACUCHO,LA MAR,RIO MAGDALENA,050513,distrito,6,888,888,0.0,54.7,54.7,54.8
LAMBAYEQUE,LAMBAYEQUE,MOTUPE,140307,distrito,54,25292,25292,0.0,54.4,53.1,62.1
AYACUCHO,LUCANAS,CARMEN SALCEDO,050604,distrito,18,4688,3407,27.33,52.0,52.0,52.8
AYACUCHO,VICTOR FAJARDO,ALCAMENCA,051002,distrito,14,2426,2426,0.0,50.2,50.2,70.9
AYACUCHO,HUAMANGA,CHIARA,050105,distrito,21,6333,6333,0.0,49.8,52.6,66.3
LAMBAYEQUE,CHICLAYO,CAYALTI,140116,distrito,31,17684,17684,0.0,48.2,46.4,54.4
AYACUCHO,PARINACOCHAS,PUYUSCA,050706,distrito,13,2035,2035,0.0,47.8,47.3,64.6
LAMBAYEQUE,CHICLAYO,CHONGOYAPE,140102,distrito,39,16528,16528,0.0,46.0,47.0,50.9
AYACUCHO,HUANTA,CHACA,050412,distrito,23,7419,7419,0.0,45.4,45.4,56.7
AYACUCHO,VILCAS HUAMAN,VISCHONGO,051108,distrito,19,5234,5234,0.0,45.4,50.1,53.3
LAMBAYEQUE,FERREÑAFE,PITIPO,140205,distrito,55,25618,25618,0.0,45.0,45.9,59.7
AYACUCHO,HUAMANGA,ACOS VINCHOS,050103,distrito,22,6788,6788,0.0,43.7,39.3,62.0
AYACUCHO,VICTOR FAJARDO,HUALLA,051010,distrito,16,3383,2797,17.31,42.9,42.9,45.3
AYACUCHO,LA MAR,SAMUGARI,050509,distrito,18,4734,4734,0.0,40.1,39.5,45.6
AYACUCHO,HUAMANGA,SANTIAGO DE PISCHA,050111,distrito,16,3246,3246,0.0,39.3,34.5,58.0
AYACUCHO,LUCANAS,SAN PEDRO,050617,distrito,15,2951,1872,36.57,38.8,39.5,50.7
AYACUCHO,HUANTA,LLOCHEGUA,050408,distrito,20,5518,5194,5.87,36.4,35.7,47.9
LAMBAYEQUE,CHICLAYO,SAÑA,140115,distrito,32,12384,12384,0.0,35.5,37.7,43.3
LAMBAYEQUE,CHICLAYO,LAGUNAS,140107,distrito,27,9740,9740,0.0,34.7,32.8,43.8
LAMBAYEQUE,LAMBAYEQUE,JAYANCA,140304,distrito,41,17560,17495,0.37,34.2,31.6,39.6
AYACUCHO,HUAMANGA,SOCOS,050112,distrito,30,11775,11775,0.0,33.3,28.8,42.9
AYACUCHO,HUAMANGA,SAN JOSE DE TICLLAS,050109,distrito,15,3075,3075,0.0,33.3,33.3,56.5
AYACUCHO,HUAMANGA,QUINUA,050108,distrito,20,6011,6011,0.0,33.1,34.7,36.8
AYACUCHO,VICTOR FAJARDO,CAYARA,051006,distrito,12,1101,1101,0.0,32.6,32.6,32.6
AYACUCHO,CANGALLO,MARIA PARADO DE BELLIDO,050204,distrito,14,2413,2413,0.0,32.6,31.8,36.5
LAMBAYEQUE,CHICLAYO,PUCALA,140119,distrito,27,9593,9593,0.0,30.9,28.8,39.8
LAMBAYEQUE,FERREÑAFE,MANUEL ANTONIO MESONES MURO,140204,distrito,17,4252,4252,0.0,29.4,29.2,30.2
LAMBAYEQUE,LAMBAYEQUE,MORROPE,140306,distrito,89,46259,43584,5.78,25.9,25.7,32.0
AYACUCHO,HUANTA,HUAMANGUILLA,050403,distrito,19,5070,5070,0.0,25.4,25.7,26.9
LAMBAYEQUE,LAMBAYEQUE,PACORA,140309,distrito,21,6603,6603,0.0,25.2,24.9,26.9
AYACUCHO,LUCANAS,SAN JUAN,050616,distrito,13,1957,1957,0.0,24.4,26.0,29.2
AYACUCHO,VICTOR FAJARDO,HUANCARAYLLA,051009,distrito,11,807,807,0.0,23.9,23.9,23.9
LAMBAYEQUE,FERREÑAFE,FERREÑAFE,140201,distrito,27,34615,34615,0.0,23.2,23.0,25.7
LAMBAYEQUE,CHICLAYO,PATAPO,140117,distrito,36,21757,21739,0.08,23.0,21.6,28.7
AYACUCHO,LA MAR,SANTA ROSA,050507,distrito,31,11999,11999,0.0,22.7,21.8,26.7
LAMBAYEQUE,FERREÑAFE,PUEBLO NUEVO,140206,distrito,15,11135,11135,0.0,22.5,22.6,24.7
LAMBAYEQUE,LAMBAYEQUE,TUCUME,140312,distrito,48,21846,21846,0.0,22.5,23.2,25.8
LAMBAYEQUE,LAMBAYEQUE,ILLIMO,140303,distrito,24,8275,8275,0.0,22.5,21.2,25.7
AYACUCHO,CANGALLO,LOS MOROCHUCOS,050203,distrito,25,8423,8423,0.0,22.2,21.4,28.6
LORETO,MAYNAS,SAN JUAN BAUTISTA,160113,distrito,101,144864,133917,7.56,21.5,19.9,37.7
AYACUCHO,LA MAR,TAMBO,050508,distrito,47,21429,21429,0.0,21.0,15.5,42.4
AYACUCHO,VICTOR FAJARDO,COLCA,051007,distrito,11,918,918,0.0,20.8,20.8,31.7
AYACUCHO,HUAMANGA,PACAYCASA,050107,distrito,16,3489,3489,0.0,19.5,20.7,21.8
AYACUCHO,PARINACOCHAS,CHUMPI,050702,distrito,14,2625,2625,0.0,18.1,13.4,38.5
LAMBAYEQUE,CHICLAYO,SANTA ROSA,140114,distrito,4,12678,12678,0.0,18.0,17.8,20.4
AYACUCHO,HUANTA,IGUAIN,050404,distrito,16,3666,3666,0.0,17.9,14.4,30.3
LAMBAYEQUE,CHICLAYO,TUMAN,140120,distrito,35,29332,29332,0.0,17.0,16.4,21.4
AYACUCHO,LUCANAS,CHAVIÑA,050605,distrito,13,1937,1729,10.75,16.6,15.6,31.7
AYACUCHO,HUANTA,LURICOCHA,050405,distrito,19,5140,5140,0.0,16.6,16.1,27.6
LAMBAYEQUE,LAMBAYEQUE,MOCHUMI,140305,distrito,42,18076,18076,0.0,16.6,15.5,22.9
AYACUCHO,VICTOR FAJARDO,HUANCAPI,051001,distrito,13,1826,1826,0.0,16.2,16.7,17.2
LAMBAYEQUE,CHICLAYO,ETEN PUERTO,140104,distrito,1,1876,1876,0.0,15.5,15.5,15.5
AYACUCHO,HUAMANGA,TAMBILLO,050113,distrito,20,5687,5687,0.0,14.8,12.5,22.7
LAMBAYEQUE,CHICLAYO,ETEN,140103,distrito,10,9070,9070,0.0,14.8,14.2,18.1
LAMBAYEQUE,CHICLAYO,REQUE,140113,distrito,25,15425,15425,0.0,13.8,13.5,16.6
LORETO,ALTO AMAZONAS,YURIMAGUAS,160201,distrito,130,69110,53888,22.03,13.5,3.2,37.4
LAMBAYEQUE,LAMBAYEQUE,SAN JOSE,140311,distrito,19,17772,17772,0.0,13.3,14.2,15.1
AYACUCHO,LA MAR,NINABAMBA,050514,distrito,10,196,196,0.0,13.3,13.3,13.3
AYACUCHO,HUANTA,SIVIA,050407,distrito,36,14943,14943,0.0,12.7,2.6,36.1
LAMBAYEQUE,CHICLAYO,PICSI,140111,distrito,20,9280,9280,0.0,12.5,12.8,14.1
AYACUCHO,PARINACOCHAS,CORACORA,050701,distrito,40,16982,16982,0.0,12.0,4.0,46.3
LAMBAYEQUE,CHICLAYO,MONSEFU,140108,distrito,56,29836,29836,0.0,11.5,11.1,13.4
AYACUCHO,LA MAR,AYNA,050503,distrito,29,11124,11124,0.0,11.1,2.8,46.3
AYACUCHO,LUCANAS,PUQUIO,050601,distrito,35,14610,13375,8.45,10.7,3.4,23.5
LAMBAYEQUE,CHICLAYO,POMALCA,140118,distrito,21,25768,25768,0.0,10.0,9.3,12.7
AYACUCHO,CANGALLO,CANGALLO,050201,distrito,21,6390,6390,0.0,8.8,7.7,21.9
AYACUCHO,LA MAR,PATIBAMBA,050515,distrito,11,694,694,0.0,8.5,8.2,10.2
LAMBAYEQUE,CHICLAYO,PIMENTEL,140112,distrito,49,47708,47708,0.0,6.6,4.5,14.5
AYACUCHO,HUAMANGA,CARMEN ALTO,050104,distrito,12,31499,31499,0.0,5.8,5.3,9.6
AYACUCHO,HUAMANGA,AYACUCHO,050101,distrito,45,80228,80228,0.0,5.4,4.2,7.9
LAMBAYEQUE,CHICLAYO,JOSE LEONARDO ORTIZ,140105,distrito,8,196825,196825,0.0,5.2,6.4,8.1
LAMBAYEQUE,LAMBAYEQUE,LAMBAYEQUE,140301,distrito,75,79545,79545,0.0,4.5,3.5,8.4
AYACUCHO,HUAMANGA,JESUS NAZARENO,050115,distrito,12,19577,19577,0.0,4.1,3.8,6.2
LORETO,MAYNAS,BELEN,160112,distrito,23,7581,7581,0.0,4.1,4.3,5.0
LAMBAYEQUE,CHICLAYO,LA VICTORIA,140106,distrito,35,89076,89076,0.0,4.1,3.1,6.9
AYACUCHO,HUAMANGA,SAN JUAN BAUTISTA,050110,distrito,15,46983,46983,0.0,3.6,3.3,3.9
AYACUCHO,HUAMANGA,ANDRES AVELINO CACERES DORREGARAY,050116,distrito,14,35365,35365,0.0,3.5,3.2,8.0
AYACUCHO,HUANTA,HUANTA,050401,distrito,86,55544,55544,0.0,3.5,2.8,4.2
LORETO,MAYNAS,PUNCHANA,160108,distrito,33,13164,12844,2.43,3.4,2.3,10.6
LORETO,ALTO AMAZONAS,TENIENTE CESAR LOPEZ ROJAS,160211,distrito,22,6912,753,89.1,3.2,3.2,3.2
AYACUCHO,LA MAR,SAN MIGUEL,050501,distrito,29,10875,10875,0.0,2.8,3.0,4.8
LORETO,MAYNAS,IQUITOS,160101,distrito,19,23916,23688,0.95,2.8,2.8,4.3
LAMBAYEQUE,CHICLAYO,CHICLAYO,140101,distrito,9,273361,273361,0.0,2.5,2.2,5.0
LORETO,MAYNAS,INDIANA,160104,distrito,28,10201,9450,7.36,1.3,1.3,10.8
LORETO,MAYNAS,MAZAN,160106,distrito,34,13623,12528,8.04,0.0,0.0,0.0
LORETO,MAYNAS,NAPO,160107,distrito,39,16568,10255,38.1,0.0,0.0,0.0
LORETO,UCAYALI,CONTAMANA,160601,distrito,59,28267,27578,2.44,0.0,0.0,0.0
