departamento,provincia,distrito,ubigeo,nivel,puntos,poblacion,poblacion_con_acceso_vial,pct_sin_acceso_vial,t_medio_pond_min,t_p50_pond_min,t_p90_pond_min,tasa_pobreza,cuadrante
AYACUCHO,HUANTA,AYAHUANCO,050402,distrito,10,0,0,0.0,,,,53.055271,sin dato
AYACUCHO,HUANTA,PUCACOLPA,050411,distrito,10,0,0,0.0,,,,78.161251,sin dato
AYACUCHO,HUANTA,PUTIS,050413,distrito,10,0,0,0.0,,,,,sin dato
AYACUCHO,HUANTA,SANTILLANA,050406,distrito,10,0,0,0.0,,,,59.937555,sin dato
AYACUCHO,LUCANAS,OCAÑA,050612,distrito,15,2738,0,100.0,,,,50.275966,sin dato
AYACUCHO,PARINACOCHAS,PACAPAUSA,050704,distrito,10,0,0,0.0,,,,29.416076,sin dato
AYACUCHO,PARINACOCHAS,SAN FRANCISCO DE RAVACAYCO,050707,distrito,10,0,0,0.0,,,,39.325269,sin dato
AYACUCHO,PAUCAR DEL SARA SARA,COLTA,050802,distrito,10,0,0,0.0,,,,39.918399,sin dato
AYACUCHO,PAUCAR DEL SARA SARA,SAN JAVIER DE ALPABAMBA,050808,distrito,10,0,0,0.0,,,,37.40018,sin dato
AYACUCHO,SUCRE,BELEN,050902,distrito,4,0,0,0.0,,,,53.497967,sin dato
AYACUCHO,SUCRE,HUACAÑA,050905,distrito,11,715,0,100.0,,,,43.526738,sin dato
AYACUCHO,SUCRE,SAN PEDRO DE LARCAY,050908,distrito,10,0,0,0.0,,,,47.117162,sin dato
AYACUCHO,SUCRE,SAN SALVADOR DE QUIJE,050909,distrito,10,0,0,0.0,,,,45.354617,sin dato
AYACUCHO,VICTOR FAJARDO,APONGO,051003,distrito,10,0,0,0.0,,,,53.484127,sin dato
AYACUCHO,VICTOR FAJARDO,ASQUIPATA,051004,distrito,10,0,0,0.0,,,,44.9478,sin dato
AYACUCHO,VILCAS HUAMAN,INDEPENDENCIA,051106,distrito,10,0,0,0.0,,,,40.654191,sin dato
LORETO,DATEM DEL MARAÑON,ANDOAS,160706,distrito,25,8681,0,100.0,,,,47.483688,sin dato
LORETO,DATEM DEL MARAÑON,BARRANCA,160701,distrito,38,16273,0,100.0,,,,38.104364,sin dato
LORETO,DATEM DEL MARAÑON,CAHUAPANAS,160702,distrito,24,7859,0,100.0,,,,51.174663,sin dato
LORETO,DATEM DEL MARAÑON,MORONA,160704,distrito,64,31076,0,100.0,,,,40.1,sin dato
LORETO,DATEM DEL MARAÑON,PASTAZA,160705,distrito,24,8067,0,100.0,,,,42.96124,sin dato
LORETO,LORETO,PARINARI,160302,distrito,22,6732,0,100.0,,,,49.068619,sin dato
LORETO,LORETO,URARINAS,160305,distrito,39,16535,0,100.0,,,,50.106167,sin dato
LORETO,MAYNAS,LAS AMAZONAS,160105,distrito,26,9128,0,100.0,,,,50.825355,sin dato
LORETO,MAYNAS,TORRES CAUSANA,160110,distrito,19,5084,0,100.0,,,,47.903467,sin dato
LORETO,PUTUMAYO,ROSA PANDURO,160802,distrito,10,215,0,100.0,,,,37.402503,sin dato
LORETO,PUTUMAYO,TENIENTE MANUEL CLAVERO,160803,distrito,19,4942,0,100.0,,,,42.368012,sin dato
LORETO,REQUENA,ALTO TAPICHE,160502,distrito,13,1932,0,100.0,,,,53.765449,sin dato
LORETO,REQUENA,EMILIO SAN MARTIN,160504,distrito,22,7193,0,100.0,,,,54.243283,sin dato
LORETO,REQUENA,MAQUIA,160505,distrito,24,7889,0,100.0,,,,53.192346,sin dato
LORETO,REQUENA,PUINAHUA,160506,distrito,10,0,0,0.0,,,,42.370983,sin dato
LORETO,REQUENA,TAPICHE,160509,distrito,10,0,0,0.0,,,,42.395172,sin dato
LORETO,UCAYALI,PADRE MARQUEZ,160603,distrito,10,0,0,0.0,,,,52.462303,sin dato
LORETO,MARISCAL RAMON CASTILLA,YAVARI,160403,distrito,36,14688,1607,89.06,4919.5,4922.1,4922.1,46.146614,doble carga: lejos y pobre
LORETO,MARISCAL RAMON CASTILLA,RAMON CASTILLA,160401,distrito,62,29649,13940,52.98,4914.7,4917.0,4922.1,36.949764,lejos pero menos pobre
LORETO,PUTUMAYO,YAGUAS,160804,distrito,14,2359,59,97.48,4903.7,4903.7,4903.7,60.889179,doble carga: lejos y pobre
LORETO,MARISCAL RAMON CASTILLA,SAN PABLO,160404,distrito,39,16354,5303,67.58,3253.5,3348.9,3860.3,48.678105,doble carga: lejos y pobre
LORETO,PUTUMAYO,PUTUMAYO,160801,distrito,19,5039,2442,51.54,2204.5,2204.5,2204.5,39.50526,lejos pero menos pobre
LORETO,MARISCAL RAMON CASTILLA,PEBAS,160402,distrito,43,19017,3119,83.6,2204.0,2204.0,2204.0,49.782274,doble carga: lejos y pobre
LORETO,LORETO,TROMPETEROS,160304,distrito,38,16322,3382,79.28,1736.6,1736.6,1736.6,36.777302,lejos pero menos pobre
LORETO,ALTO AMAZONAS,LAGUNAS,160206,distrito,34,13721,12753,7.05,1729.9,1726.6,1743.0,43.900725,doble carga: lejos y pobre
LORETO,ALTO AMAZONAS,SANTA CRUZ,160210,distrito,18,4558,695,84.76,869.7,869.7,869.7,43.891935,doble carga: lejos y pobre
AYACUCHO,LA MAR,ORONCCOY,050511,distrito,31,11943,1623,86.41,451.0,451.0,459.8,70.349495,doble carga: lejos y pobre
LORETO,DATEM DEL MARAÑON,MANSERICHE,160703,distrito,29,11071,10866,1.85,407.2,407.2,411.8,49.520928,doble carga: lejos y pobre
LORETO,UCAYALI,PAMPA HERMOSA,160604,distrito,31,13004,9633,25.92,295.6,295.6,295.6,51.765526,doble carga: lejos y pobre
AYACUCHO,LUCANAS,HUAC-HUAS,050607,distrito,15,2991,2991,0.0,286.9,286.9,286.9,48.577225,doble carga: lejos y pobre
AYACUCHO,LUCANAS,LARAMATE,050608,distrito,12,1256,972,22.56,264.9,270.5,272.8,46.321004,doble carga: lejos y pobre
LORETO,UCAYALI,INAHUAYA,160602,distrito,8,2863,2863,0.0,255.0,255.0,255.0,23.491965,lejos pero menos pobre
AYACUCHO,LUCANAS,LLAUTA,050610,distrito,12,1062,1062,0.0,247.9,247.9,247.9,27.398913,lejos pero menos pobre
AYACUCHO,PAUCAR DEL SARA SARA,CORCULLA,050803,distrito,11,399,231,42.06,209.9,209.9,226.0,37.40018,lejos pero menos pobre
AYACUCHO,LUCANAS,SAN PEDRO DE PALCO,050618,distrito,12,1325,558,57.85,209.5,209.5,209.5,35.0453,lejos pero menos pobre
AYACUCHO,HUANCA SANCOS,SANTIAGO DE LUCANAMARCA,050304,distrito,14,2591,2591,0.0,198.0,198.0,198.0,43.949016,doble carga: lejos y pobre
AYACUCHO,LUCANAS,OTOCA,050613,distrito,15,3155,3155,0.0,194.9,194.9,194.9,43.895774,doble carga: lejos y pobre
AYACUCHO,PAUCAR DEL SARA SARA,SAN JOSE DE USHUA,050809,distrito,10,170,170,0.0,193.6,193.6,194.6,30.29507,lejos pero menos pobre
AYACUCHO,LA MAR,CHUNGUI,050505,distrito,14,2638,1162,55.97,192.3,143.4,272.6,62.395542,doble carga: lejos y pobre
AYACUCHO,PAUCAR DEL SARA SARA,OYOLO,050806,distrito,12,1234,1157,6.22,177.2,175.2,187.1,39.685743,lejos pero menos pobre
LAMBAYEQUE,FERREÑAFE,CAÑARIS,140202,distrito,34,13897,12736,8.36,173.0,181.8,191.2,62.553353,doble carga: lejos y pobre
LORETO,UCAYALI,VARGAS GUERRA,160606,distrito,25,8756,5891,32.72,168.7,168.7,168.7,47.783719,doble carga: lejos y pobre
AYACUCHO,SUCRE,CHALCOS,050903,distrito,11,596,596,0.0,163.0,163.0,163.0,58.364017,doble carga: lejos y pobre
AYACUCHO,LUCANAS,SANCOS,050619,distrito,26,9242,8595,6.99,160.1,210.9,214.7,42.278768,doble carga: lejos y pobre
AYACUCHO,PARINACOCHAS,CORONEL CASTAÑEDA,050703,distrito,14,2199,2026,7.87,159.0,162.0,204.9,55.840313,doble carga: lejos y pobre
AYACUCHO,SUCRE,SANTIAGO DE PAUCARAY,050910,distrito,11,663,663,0.0,157.9,157.9,157.9,54.993232,doble carga: lejos y pobre
AYACUCHO,SUCRE,PAICO,050907,distrito,11,783,783,0.0,155.6,155.6,155.6,46.972272,doble carga: lejos y pobre
AYACUCHO,SUCRE,CHILCAYOC,050904,distrito,11,524,524,0.0,153.5,153.5,153.5,50.765457,doble carga: lejos y pobre
LORETO,UCAYALI,SARAYACU,160605,distrito,38,16185,16185,0.0,151.5,151.5,151.5,50.485569,doble carga: lejos y pobre
AYACUCHO,SUCRE,SORAS,050911,distrito,12,1375,1375,0.0,149.3,147.5,158.6,42.283405,doble carga: lejos y pobre
AYACUCHO,VICTOR FAJARDO,VILCANCHOS,051012,distrito,15,2704,2704,0.0,148.6,148.7,157.8,58.111649,doble carga: lejos y pobre
AYACUCHO,LUCANAS,SANTA LUCIA,050621,distrito,11,828,828,0.0,148.4,149.9,151.2,39.630727,lejos pero menos pobre
AYACUCHO,CANGALLO,TOTOS,050206,distrito,16,3482,3482,0.0,142.7,140.0,151.3,49.872178,doble carga: lejos y pobre
LAMBAYEQUE,FERREÑAFE,INCAHUASI,140203,distrito,34,13914,13624,2.09,140.8,143.6,156.3,53.203898,doble carga: lejos y pobre
AYACUCHO,CANGALLO,PARAS,050205,distrito,17,4295,3721,13.35,138.8,142.6,146.1,63.946171,doble carga: lejos y pobre
AYACUCHO,HUANCA SANCOS,SANCOS,050301,distrito,17,3989,3542,11.21,135.2,114.8,223.5,34.644506,lejos pero menos pobre
AYACUCHO,VILCAS HUAMAN,CONCEPCION,051104,distrito,16,3700,3700,0.0,130.8,129.5,138.9,55.226955,doble carga: lejos y pobre
AYACUCHO,HUAMANGA,OCROS,050106,distrito,21,6270,6270,0.0,129.1,133.6,141.3,52.501663,doble carga: lejos y pobre
LORETO,REQUENA,SOPLIN,160508,distrito,11,678,678,0.0,126.1,126.1,126.1,48.16221,doble carga: lejos y pobre
LORETO,REQUENA,REQUENA,160501,distrito,62,29661,28088,5.3,126.1,126.1,126.1,43.212774,doble carga: lejos y pobre
LORETO,REQUENA,SAQUENA,160507,distrito,19,5177,4245,18.01,126.1,126.1,126.1,52.663795,doble carga: lejos y pobre
LORETO,REQUENA,CAPELO,160503,distrito,16,4408,4408,0.0,126.1,126.1,126.1,56.601161,doble carga: lejos y pobre
LORETO,REQUENA,JENARO HERRERA,160510,distrito,20,5839,5839,0.0,126.1,126.1,126.1,51.244659,doble carga: lejos y pobre
LORETO,REQUENA,YAQUERANA,160511,distrito,15,3172,1605,49.4,125.8,125.8,125.9,48.456937,doble carga: lejos y pobre
AYACUCHO,VILCAS HUAMAN,CARHUANCA,051103,distrito,12,943,943,0.0,125.1,125.1,127.7,47.288156,doble carga: lejos y pobre
AYACUCHO,SUCRE,QUEROBAMBA,050901,distrito,14,2523,2523,0.0,120.2,117.2,138.6,32.838765,lejos pero menos pobre
LORETO,LORETO,NAUTA,160301,distrito,70,34496,28821,16.45,119.1,122.5,125.0,41.639253,doble carga: lejos y pobre
AYACUCHO,VILCAS HUAMAN,SAURAMA,051107,distrito,12,1206,1206,0.0,115.9,115.9,115.9,57.615286,doble carga: lejos y pobre
AYACUCHO,PAUCAR DEL SARA SARA,MARCABAMBA,050805,distrito,11,758,758,0.0,115.2,114.3,117.5,19.857407,lejos pero menos pobre
AYACUCHO,HUANCA SANCOS,SACSAMARCA,050303,distrito,12,1400,1400,0.0,112.3,115.4,118.2,45.793638,doble carga: lejos y pobre
AYACUCHO,SUCRE,MORCOLLA,050906,distrito,12,1165,624,46.42,111.7,112.2,114.7,64.442539,doble carga: lejos y pobre
AYACUCHO,VILCAS HUAMAN,HUAMBALPA,051105,distrito,14,2150,2150,0.0,110.7,110.7,110.9,27.591488,lejos pero menos pobre
AYACUCHO,VILCAS HUAMAN,ACCOMARCA,051102,distrito,11,829,829,0.0,109.1,109.1,109.1,41.373965,lejos pero menos pobre
AYACUCHO,PAUCAR DEL SARA SARA,LAMPA,050804,distrito,14,2643,2643,0.0,105.9,105.8,109.7,32.14853,lejos pero menos pobre
AYACUCHO,VICTOR FAJARDO,HUAMANQUIQUIA,051008,distrito,12,1262,1262,0.0,100.4,101.0,104.6,63.468119,doble carga: lejos y pobre
AYACUCHO,LA MAR,LUIS CARRANZA,050506,distrito,12,1048,1048,0.0,99.5,102.1,111.8,63.62024,doble carga: lejos y pobre
AYACUCHO,LUCANAS,SAISA,050614,distrito,12,964,964,0.0,98.3,98.3,105.3,50.023129,doble carga: lejos y pobre
AYACUCHO,LUCANAS,CHIPAO,050606,distrito,16,3747,3389,9.57,97.4,91.3,136.9,39.271149,lejos pero menos pobre
AYACUCHO,LA MAR,ANCO,050502,distrito,35,14329,12047,15.92,96.4,90.5,114.8,45.927716,doble carga: lejos y pobre
AYACUCHO,PAUCAR DEL SARA SARA,PAUSA,050801,distrito,15,2816,2816,0.0,93.8,91.8,100.2,23.525361,lejos pero menos pobre
AYACUCHO,LUCANAS,LEONCIO PRADO,050609,distrito,12,1291,1291,0.0,93.5,93.5,93.5,38.9161,lejos pero menos pobre
AYACUCHO,HUANCA SANCOS,CARAPO,050302,distrito,14,2386,2386,0.0,92.8,89.5,100.9,51.580689,doble carga: lejos y pobre
LAMBAYEQUE,CHICLAYO,OYOTUN,140110,distrito,25,8843,8843,0.0,92.1,75.9,162.2,18.26452,lejos pero menos pobre
LAMBAYEQUE,LAMBAYEQUE,OLMOS,140308,distrito,84,42531,36297,14.66,86.7,85.3,107.1,29.383411,lejos pero menos pobre
AYACUCHO,PARINACOCHAS,UPAHUACHO,050708,distrito,17,4088,4088,0.0,86.3,88.0,93.1,58.999703,doble carga: lejos y pobre
AYACUCHO,PARINACOCHAS,PULLO,050705,distrito,20,5566,5363,3.64,83.9,64.0,161.9,37.805466,lejos pero menos pobre
AYACUCHO,VILCAS HUAMAN,VILCAS HUAMAN,051101,distrito,25,8624,8624,0.0,82.4,70.2,96.4,46.946494,doble carga: lejos y pobre
LORETO,MAYNAS,ALTO NANAY,160102,distrito,15,2745,872,68.23,80.8,80.8,80.8,48.637013,doble carga: lejos y pobre
LORETO,LORETO,TIGRE,160303,distrito,25,8741,1155,86.79,80.8,80.8,80.8,50.836792,doble carga: lejos y pobre
AYACUCHO,PAUCAR DEL SARA SARA,PARARCA,050807,distrito,10,636,636,0.0,80.2,80.2,80.2,32.14853,lejos pero menos pobre
LORETO,ALTO AMAZONAS,BALSAPUERTO,160202,distrito,43,19109,2815,85.27,78.4,91.6,97.7,53.362777,doble carga: lejos y pobre
AYACUCHO,VICTOR FAJARDO,SARHUA,051011,distrito,15,2730,2730,0.0,78.0,77.6,80.5,70.736082,doble carga: lejos y pobre
AYACUCHO,LUCANAS,SANTA ANA DE HUAYCAHUACHO,050620,distrito,7,643,643,0.0,76.5,76.5,76.5,29.714467,lejos pero menos pobre
AYACUCHO,LA MAR,UNION PROGRESO,050512,distrito,7,2991,2991,0.0,76.4,76.7,77.4,,sin dato
LAMBAYEQUE,LAMBAYEQUE,SALAS,140310,distrito,31,11840,11840,0.0,74.6,57.1,121.4,44.569917,doble carga: lejos y pobre
AYACUCHO,LA MAR,CHILCAS,050504,distrito,16,3431,1469,57.17,71.7,71.7,74.2,44.042213,doble carga: lejos y pobre
AYACUCHO,LUCANAS,SAN CRISTOBAL,050615,distrito,14,2315,1882,18.73,70.7,70.7,74.3,54.556409,doble carga: lejos y pobre
AYACUCHO,LA MAR,ANCHIHUAY,050510,distrito,14,2208,2208,0.0,70.6,67.4,84.0,64.817398,doble carga: lejos y pobre
AYACUCHO,PAUCAR DEL SARA SARA,SARA SARA,050810,distrito,11,706,706,0.0,70.3,70.3,70.3,30.29507,lejos pero menos pobre
AYACUCHO,VICTOR FAJARDO,CANARIA,051005,distrito,17,4147,4147,0.0,69.8,66.9,81.9,50.85634,doble carga: lejos y pobre
AYACUCHO,LUCANAS,AUCARA,050602,distrito,21,6463,6043,6.5,68.3,68.3,74.5,49.507817,doble carga: lejos y pobre
LAMBAYEQUE,CHICLAYO,NUEVA ARICA,140109,distrito,12,2003,2003,0.0,65.9,67.8,70.7,12.5301,lejos pero menos pobre
AYACUCHO,LUCANAS,CABANA,050603,distrito,20,5992,5992,0.0,65.2,64.1,64.9,42.702162,doble carga: lejos y pobre
AYACUCHO,LUCANAS,LUCANAS,050611,distrito,18,4603,3362,26.95,65.0,40.7,124.8,41.481291,doble carga: lejos y pobre
LORETO,ALTO AMAZONAS,JEBEROS,160205,distrito,18,4903,4903,0.0,64.4,64.4,64.4,36.055512,lejos pero menos pobre
AYACUCHO,HUAMANGA,VINCHOS,050114,distrito,36,14826,14826,0.0,62.9,56.8,82.3,58.013396,doble carga: lejos y pobre
AYACUCHO,HUANTA,UCHURACCAY,050410,distrito,14,2126,2126,0.0,62.8,62.8,64.2,81.261671,doble carga: lejos y pobre
AYACUCHO,CANGALLO,CHUSCHI,050202,distrito,24,7789,7789,0.0,61.4,63.0,69.8,49.686077,cerca pero pobre
AYACUCHO,HUAMANGA,ACOCRO,050102,distrito,30,11570,11570,0.0,59.1,56.4,72.5,51.536513,cerca pero pobre
AYACUCHO,HUANTA,CANAYRE,050409,distrito,18,9460,9460,0.0,59.0,58.9,59.6,43.483245,cerca pero pobre
LAMBAYEQUE,LAMBAYEQUE,CHOCHOPE,140302,distrito,12,963,963,0.0,57.7,57.6,62.1,25.859512,cerca y menos pobre
LORETO,MAYNAS,FERNANDO LORES,160103,distrito,45,20062,20062,0.0,56.4,56.4,56.4,49.219241,cerca pero pobre
AYACUCHO,LA MAR,RIO MAGDALENA,050513,distrito,6,888,888,0.0,54.7,54.7,54.8,,sin dato
LAMBAYEQUE,LAMBAYEQUE,MOTUPE,140307,distrito,54,25292,25292,0.0,54.4,53.1,62.1,25.985732,cerca y menos pobre
AYACUCHO,LUCANAS,CARMEN SALCEDO,050604,distrito,18,4688,3407,27.33,52.0,52.0,52.8,35.0453,cerca y menos pobre
AYACUCHO,VICTOR FAJARDO,ALCAMENCA,051002,distrito,14,2426,2426,0.0,50.2,50.2,70.9,52.052896,cerca pero pobre
AYACUCHO,HUAMANGA,CHIARA,050105,distrito,21,6333,6333,0.0,49.8,52.6,66.3,51.697462,cerca pero pobre
LAMBAYEQUE,CHICLAYO,CAYALTI,140116,distrito,31,17684,17684,0.0,48.2,46.4,54.4,16.827115,cerca y menos pobre
AYACUCHO,PARINACOCHAS,PUYUSCA,050706,distrito,13,2035,2035,0.0,47.8,47.3,64.6,32.122544,cerca y menos pobre
LAMBAYEQUE,CHICLAYO,CHONGOYAPE,140102,distrito,39,16528,16528,0.0,46.0,47.0,50.9,18.26452,cerca y menos pobre
AYACUCHO,HUANTA,CHACA,050412,distrito,23,7419,7419,0.0,45.4,45.4,56.7,72.722171,cerca pero pobre
AYACUCHO,VILCAS HUAMAN,VISCHONGO,051108,distrito,19,5234,5234,0.0,45.4,50.1,53.3,39.958274,cerca y menos pobre
LAMBAYEQUE,FERREÑAFE,PITIPO,140205,distrito,55,25618,25618,0.0,45.0,45.9,59.7,20.880109,cerca y menos pobre
AYACUCHO,HUAMANGA,ACOS VINCHOS,050103,distrito,22,6788,6788,0.0,43.7,39.3,62.0,45.268869,cerca pero pobre
AYACUCHO,VICTOR FAJARDO,HUALLA,051010,distrito,16,3383,2797,17.31,42.9,42.9,45.3,55.917583,cerca pero pobre
AYACUCHO,LA MAR,SAMUGARI,050509,distrito,18,4734,4734,0.0,40.1,39.5,45.6,42.323311,cerca pero pobre
AYACUCHO,HUAMANGA,SANTIAGO DE PISCHA,050111,distrito,16,3246,3246,0.0,39.3,34.5,58.0,46.909459,cerca pero pobre
AYACUCHO,LUCANAS,SAN PEDRO,050617,distrito,15,2951,1872,36.57,38.8,39.5,50.7,49.01561,cerca pero pobre
AYACUCHO,HUANTA,LLOCHEGUA,050408,distrito,20,5518,5194,5.87,36.4,35.7,47.9,32.096351,cerca y menos pobre
LAMBAYEQUE,CHICLAYO,SAÑA,140115,distrito,32,12384,12384,0.0,35.5,37.7,43.3,13.994183,cerca y menos pobre
LAMBAYEQUE,CHICLAYO,LAGUNAS,140107,distrito,27,9740,9740,0.0,34.7,32.8,43.8,19.72254,cerca y menos pobre
LAMBAYEQUE,LAMBAYEQUE,JAYANCA,140304,distrito,41,17560,17495,0.37,34.2,31.6,39.6,22.696416,cerca y menos pobre
AYACUCHO,HUAMANGA,SOCOS,050112,distrito,30,11775,11775,0.0,33.3,28.8,42.9,60.55301,cerca pero pobre
AYACUCHO,HUAMANGA,SAN JOSE DE TICLLAS,050109,distrito,15,3075,3075,0.0,33.3,33.3,56.5,53.852984,cerca pero pobre
AYACUCHO,HUAMANGA,QUINUA,050108,distrito,20,6011,6011,0.0,33.1,34.7,36.8,37.988189,cerca y menos pobre
AYACUCHO,VICTOR FAJARDO,CAYARA,051006,distrito,12,1101,1101,0.0,32.6,32.6,32.6,59.034564,cerca pero pobre
AYACUCHO,CANGALLO,MARIA PARADO DE BELLIDO,050204,distrito,14,2413,2413,0.0,32.6,31.8,36.5,58.648859,cerca pero pobre
LAMBAYEQUE,CHICLAYO,PUCALA,140119,distrito,27,9593,9593,0.0,30.9,28.8,39.8,12.5301,cerca y menos pobre
LAMBAYEQUE,FERREÑAFE,MANUEL ANTONIO MESONES MURO,140204,distrito,17,4252,4252,0.0,29.4,29.2,30.2,16.407291,cerca y menos pobre
LAMBAYEQUE,LAMBAYEQUE,MORROPE,140306,distrito,89,46259,43584,5.78,25.9,25.7,32.0,29.809935,cerca y menos pobre
AYACUCHO,HUANTA,HUAMANGUILLA,050403,distrito,19,5070,5070,0.0,25.4,25.7,26.9,49.542142,cerca pero pobre
LAMBAYEQUE,LAMBAYEQUE,PACORA,140309,distrito,21,6603,6603,0.0,25.2,24.9,26.9,25.645771,cerca y menos pobre
AYACUCHO,LUCANAS,SAN JUAN,050616,distrito,13,1957,1957,0.0,24.4,26.0,29.2,40.744316,cerca y menos pobre
AYACUCHO,VICTOR FAJARDO,HUANCARAYLLA,051009,distrito,11,807,807,0.0,23.9,23.9,23.9,36.235036,cerca y menos pobre
LAMBAYEQUE,FERREÑAFE,FERREÑAFE,140201,distrito,27,34615,34615,0.0,23.2,23.0,25.7,15.518673,cerca y menos pobre
LAMBAYEQUE,CHICLAYO,PATAPO,140117,distrito,36,21757,21739,0.08,23.0,21.6,28.7,18.715514,cerca y menos pobre
AYACUCHO,LA MAR,SANTA ROSA,050507,distrito,31,11999,11999,0.0,22.7,21.8,26.7,31.925593,cerca y menos pobre
LAMBAYEQUE,FERREÑAFE,PUEBLO NUEVO,140206,distrito,15,11135,11135,0.0,22.5,22.6,24.7,22.609211,cerca y menos pobre
LAMBAYEQUE,LAMBAYEQUE,TUCUME,140312,distrito,48,21846,21846,0.0,22.5,23.2,25.8,29.064237,cerca y menos pobre
LAMBAYEQUE,LAMBAYEQUE,ILLIMO,140303,distrito,24,8275,8275,0.0,22.5,21.2,25.7,24.021957,cerca y menos pobre
AYACUCHO,CANGALLO,LOS MOROCHUCOS,050203,distrito,25,8423,8423,0.0,22.2,21.4,28.6,45.977186,cerca pero pobre
LORETO,MAYNAS,SAN JUAN BAUTISTA,160113,distrito,101,144864,133917,7.56,21.5,19.9,37.7,21.201507,cerca y menos pobre
AYACUCHO,LA MAR,TAMBO,050508,distrito,47,21429,21429,0.0,21.0,15.5,42.4,54.039499,cerca pero pobre
AYACUCHO,VICTOR FAJARDO,COLCA,051007,distrito,11,918,918,0.0,20.8,20.8,31.7,42.320098,cerca pero pobre
AYACUCHO,HUAMANGA,PACAYCASA,050107,distrito,16,3489,3489,0.0,19.5,20.7,21.8,31.561665,cerca y menos pobre
AYACUCHO,PARINACOCHAS,CHUMPI,050702,distrito,14,2625,2625,0.0,18.1,13.4,38.5,37.010343,cerca y menos pobre
LAMBAYEQUE,CHICLAYO,SANTA ROSA,140114,distrito,4,12678,12678,0.0,18.0,17.8,20.4,19.300136,cerca y menos pobre
AYACUCHO,HUANTA,IGUAIN,050404,distrito,16,3666,3666,0.0,17.9,14.4,30.3,52.217517,cerca pero pobre
LAMBAYEQUE,CHICLAYO,TUMAN,140120,distrito,35,29332,29332,0.0,17.0,16.4,21.4,12.5301,cerca y menos pobre
AYACUCHO,LUCANAS,CHAVIÑA,050605,distrito,13,1937,1729,10.75,16.6,15.6,31.7,32.446012,cerca y menos pobre
AYACUCHO,HUANTA,LURICOCHA,050405,distrito,19,5140,5140,0.0,16.6,16.1,27.6,43.564533,cerca pero pobre
LAMBAYEQUE,LAMBAYEQUE,MOCHUMI,140305,distrito,42,18076,18076,0.0,16.6,15.5,22.9,23.636294,cerca y menos pobre
AYACUCHO,VICTOR FAJARDO,HUANCAPI,051001,distrito,13,1826,1826,0.0,16.2,16.7,17.2,32.611348,cerca y menos pobre
LAMBAYEQUE,CHICLAYO,ETEN PUERTO,140104,distrito,1,1876,1876,0.0,15.5,15.5,15.5,8.79655,cerca y menos pobre
AYACUCHO,HUAMANGA,TAMBILLO,050113,distrito,20,5687,5687,0.0,14.8,12.5,22.7,37.996694,cerca y menos pobre
LAMBAYEQUE,CHICLAYO,ETEN,140103,distrito,10,9070,9070,0.0,14.8,14.2,18.1,18.26452,cerca y menos pobre
LAMBAYEQUE,CHICLAYO,REQUE,140113,distrito,25,15425,15425,0.0,13.8,13.5,16.6,12.5301,cerca y menos pobre
LORETO,ALTO AMAZONAS,YURIMAGUAS,160201,distrito,130,69110,53888,22.03,13.5,3.2,37.4,31.736867,cerca y menos pobre
LAMBAYEQUE,LAMBAYEQUE,SAN JOSE,140311,distrito,19,17772,17772,0.0,13.3,14.2,15.1,27.135809,cerca y menos pobre
AYACUCHO,LA MAR,NINABAMBA,050514,distrito,10,196,196,0.0,13.3,13.3,13.3,,sin dato
AYACUCHO,HUANTA,SIVIA,050407,distrito,36,14943,14943,0.0,12.7,2.6,36.1,45.787749,cerca pero pobre
LAMBAYEQUE,CHICLAYO,PICSI,140111,distrito,20,9280,9280,0.0,12.5,12.8,14.1,18.26452,cerca y menos pobre
AYACUCHO,PARINACOCHAS,CORACORA,050701,distrito,40,16982,16982,0.0,12.0,4.0,46.3,37.181469,cerca y menos pobre
LAMBAYEQUE,CHICLAYO,MONSEFU,140108,distrito,56,29836,29836,0.0,11.5,11.1,13.4,16.060235,cerca y menos pobre
AYACUCHO,LA MAR,AYNA,050503,distrito,29,11124,11124,0.0,11.1,2.8,46.3,38.938658,cerca y menos pobre
AYACUCHO,LUCANAS,PUQUIO,050601,distrito,35,14610,13375,8.45,10.7,3.4,23.5,34.786636,cerca y menos pobre
LAMBAYEQUE,CHICLAYO,POMALCA,140118,distrito,21,25768,25768,0.0,10.0,9.3,12.7,13.836561,cerca y menos pobre
AYACUCHO,CANGALLO,CANGALLO,050201,distrito,21,6390,6390,0.0,8.8,7.7,21.9,35.00305,cerca y menos pobre
AYACUCHO,LA MAR,PATIBAMBA,050515,distrito,11,694,694,0.0,8.5,8.2,10.2,,sin dato
LAMBAYEQUE,CHICLAYO,PIMENTEL,140112,distrito,49,47708,47708,0.0,6.6,4.5,14.5,10.716871,cerca y menos pobre
AYACUCHO,HUAMANGA,CARMEN ALTO,050104,distrito,12,31499,31499,0.0,5.8,5.3,9.6,26.660474,cerca y menos pobre
AYACUCHO,HUAMANGA,AYACUCHO,050101,distrito,45,80228,80228,0.0,5.4,4.2,7.9,15.054646,cerca y menos pobre
LAMBAYEQUE,CHICLAYO,JOSE LEONARDO ORTIZ,140105,distrito,8,196825,196825,0.0,5.2,6.4,8.1,13.47952,cerca y menos pobre
LAMBAYEQUE,LAMBAYEQUE,LAMBAYEQUE,140301,distrito,75,79545,79545,0.0,4.5,3.5,8.4,14.11125,cerca y menos pobre
AYACUCHO,HUAMANGA,JESUS NAZARENO,050115,distrito,12,19577,19577,0.0,4.1,3.8,6.2,16.283852,cerca y menos pobre
LORETO,MAYNAS,BELEN,160112,distrito,23,7581,7581,0.0,4.1,4.3,5.0,26.466031,cerca y menos pobre
LAMBAYEQUE,CHICLAYO,LA VICTORIA,140106,distrito,35,89076,89076,0.0,4.1,3.1,6.9,11.043383,cerca y menos pobre
AYACUCHO,HUAMANGA,SAN JUAN BAUTISTA,050110,distrito,15,46983,46983,0.0,3.6,3.3,3.9,18.759879,cerca y menos pobre
AYACUCHO,HUAMANGA,ANDRES AVELINO CACERES DORREGARAY,050116,distrito,14,35365,35365,0.0,3.5,3.2,8.0,13.243211,cerca y menos pobre
AYACUCHO,HUANTA,HUANTA,050401,distrito,86,55544,55544,0.0,3.5,2.8,4.2,36.194279,cerca y menos pobre
LORETO,MAYNAS,PUNCHANA,160108,distrito,33,13164,12844,2.43,3.4,2.3,10.6,19.519822,cerca y menos pobre
LORETO,ALTO AMAZONAS,TENIENTE CESAR LOPEZ ROJAS,160211,distrito,22,6912,753,89.1,3.2,3.2,3.2,33.031931,cerca y menos pobre
AYACUCHO,LA MAR,SAN MIGUEL,050501,distrito,29,10875,10875,0.0,2.8,3.0,4.8,48.595298,cerca pero pobre
LORETO,MAYNAS,IQUITOS,160101,distrito,19,23916,23688,0.95,2.8,2.8,4.3,8.626166,cerca y menos pobre
LAMBAYEQUE,CHICLAYO,CHICLAYO,140101,distrito,9,273361,273361,0.0,2.5,2.2,5.0,7.491534,cerca y menos pobre
LORETO,MAYNAS,INDIANA,160104,distrito,28,10201,9450,7.36,1.3,1.3,10.8,49.991401,cerca pero pobre
LORETO,MAYNAS,MAZAN,160106,distrito,34,13623,12528,8.04,0.0,0.0,0.0,51.315124,cerca pero pobre
LORETO,MAYNAS,NAPO,160107,distrito,39,16568,10255,38.1,0.0,0.0,0.0,48.19035,cerca pero pobre
LORETO,UCAYALI,CONTAMANA,160601,distrito,59,28267,27578,2.44,0.0,0.0,0.0,33.352533,cerca y menos pobre
