ccpp_id,departamento,distrito,poblacion,peso_muestral,ipress_mas_cercana_pie,t_pie_seg,dist_pie_m,t_pie_min,alcanzable_pie,snap_colapsado_pie
CP000025,AYACUCHO,HUANTA,14751.936149597168,14751.936149597168,00031357,107.3,149.2,1.7883333333333333,True,False
CP000077,AYACUCHO,HUANTA,2604.0600357055664,2604.0600357055664,00033788,694.9,965.1,11.581666666666667,True,False
CP000078,AYACUCHO,HUANTA,2299.8567657470703,2299.8567657470703,00027666,1272.3,1767.0,21.205,True,False
CP000079,AYACUCHO,HUANTA,5282.498508453369,5282.498508453369,00029745,435.4,605.0,7.256666666666666,True,False
CP000080,AYACUCHO,HUANTA,2172.5398597717285,2172.5398597717285,00003658,726.6,1009.0,12.110000000000001,True,False
CP000083,AYACUCHO,HUANTA,3548.743984222412,3548.743984222412,00026014,793.9,1102.7,13.231666666666666,True,False
CP000084,AYACUCHO,HUANTA,5824.006107330322,5824.006107330322,00036620,709.5,985.4,11.825,True,False
CP000085,AYACUCHO,HUANTA,2043.4128723144531,2043.4128723144531,00036620,784.3,1089.5,13.071666666666665,True,False
CP000088,AYACUCHO,HUANTA,0.0,0.0,00003660,294.2,408.5,4.903333333333333,True,False
CP000095,AYACUCHO,HUANTA,146.45384979248047,146.45384979248047,00003659,198.1,275.2,3.3016666666666667,True,False
CP000118,AYACUCHO,IGUAIN,216.2246551513672,216.2246551513672,00003654,281.7,391.5,4.694999999999999,True,False
CP000140,AYACUCHO,LURICOCHA,525.5115623474121,525.5115623474121,00003663,255.6,355.1,4.26,True,False
CP000230,AYACUCHO,CHACA,6339.394775390625,6339.394775390625,00003669,60.5,84.2,1.0083333333333333,True,False
CP000237,AYACUCHO,SIVIA,2598.0063819885254,2598.0063819885254,00003770,480.6,667.4,8.01,True,False
CP000271,AYACUCHO,SIVIA,0.0,0.0,00003775,190.5,264.5,3.175,True,False
CP000279,AYACUCHO,SIVIA,2155.2018661499023,2155.2018661499023,00006911,0.0,0.0,0.0,True,True
CP000282,AYACUCHO,SAMUGARI,3668.71661567688,3668.71661567688,00003749,1377.5,1912.7,22.958333333333332,True,False
CP000326,AYACUCHO,UNION PROGRESO,2171.932098388672,2171.932098388672,00003762,1979.0,2748.8,32.983333333333334,True,False
CP000346,AYACUCHO,ANCO,2446.494945526123,2446.494945526123,00003757,87.3,121.4,1.4549999999999998,True,False
CP000347,AYACUCHO,AYNA,4538.570171356201,4538.570171356201,00035602,70.9,98.7,1.1816666666666669,True,False
CP000380,AYACUCHO,AYNA,2152.3522872924805,2152.3522872924805,00003755,0.0,0.0,0.0,True,True
CP000383,AYACUCHO,SANTA ROSA,4422.67188167572,4422.67188167572,00003764,144.8,201.1,2.4133333333333336,True,False
CP000396,AYACUCHO,SANTA ROSA,30.262475967407227,30.262475967407227,00003766,1158.9,1609.7,19.315,True,False
CP000412,AYACUCHO,SANTA ROSA,2210.761838912964,2210.761838912964,00003766,457.1,634.8,7.618333333333334,True,False
CP000417,AYACUCHO,TAMBO,9870.373794555664,9870.373794555664,00033804,286.0,397.0,4.766666666666667,True,False
CP000420,AYACUCHO,TAMBO,3089.5255737304688,3089.5255737304688,00010366,10013.1,13906.7,166.88500000000002,True,False
CP000459,AYACUCHO,TAMBO,0.0,0.0,00003800,381.6,530.0,6.36,True,False
CP000460,AYACUCHO,TAMBO,260.3629455566406,260.3629455566406,00003800,476.4,661.5,7.9399999999999995,True,False
CP000466,AYACUCHO,TAMBO,3166.407196044922,3166.407196044922,00033804,814.3,1130.8,13.571666666666665,True,False
CP000467,AYACUCHO,TAMBO,2936.2940673828125,2936.2940673828125,00033804,301.9,419.2,5.031666666666666,True,False
CP000791,AYACUCHO,AYACUCHO,21712.52229309082,21712.52229309082,00028145,106.3,147.6,1.7716666666666667,True,False
CP000792,AYACUCHO,AYACUCHO,11798.157928466797,11798.157928466797,00034075,332.8,462.3,5.546666666666667,True,False
CP000793,AYACUCHO,ANDRES AVELINO CACERES DORREGARAY,5407.836484909058,5407.836484909058,00020890,891.9,1238.7,14.865,True,False
CP000794,AYACUCHO,ANDRES AVELINO CACERES DORREGARAY,8424.039394378662,8424.039394378662,00028840,212.8,221.6,3.546666666666667,True,False
CP000795,AYACUCHO,ANDRES AVELINO CACERES DORREGARAY,11659.162216186523,11659.162216186523,00032368,44.9,62.4,0.7483333333333333,True,False
CP000799,AYACUCHO,ANDRES AVELINO CACERES DORREGARAY,5489.275463104248,5489.275463104248,00003602,249.8,347.0,4.163333333333333,True,False
CP000801,AYACUCHO,SAN JUAN BAUTISTA,16794.23240661621,16794.23240661621,00003599,233.6,324.4,3.893333333333333,True,False
CP000802,AYACUCHO,SAN JUAN BAUTISTA,7016.946197509766,7016.946197509766,00006882,271.6,377.4,4.526666666666667,True,False
CP000803,AYACUCHO,SAN JUAN BAUTISTA,9042.474662780762,9042.474662780762,00036923,353.5,491.0,5.891666666666667,True,False
CP000804,AYACUCHO,SAN JUAN BAUTISTA,2432.3329696655273,2432.3329696655273,00011775,1344.8,1867.4,22.413333333333334,True,False
CP000805,AYACUCHO,CARMEN ALTO,6338.8023109436035,6338.8023109436035,00025643,1621.3,2251.9,27.021666666666665,True,False
CP000807,AYACUCHO,CARMEN ALTO,9500.908153533936,9500.908153533936,00006882,635.9,883.5,10.598333333333333,True,False
CP000824,AYACUCHO,SOCOS,3416.991523742676,3416.991523742676,00003614,2579.9,3583.7,42.998333333333335,True,False
CP001029,AYACUCHO,AYACUCHO,21129.092330932617,21129.092330932617,00035179,64.7,89.8,1.0783333333333334,True,False
CP001052,AYACUCHO,AYACUCHO,0.0,0.0,00003556,337.3,468.1,5.621666666666667,True,False
CP001065,AYACUCHO,ACOCRO,1133.805160522461,1133.805160522461,00003544,73.6,102.2,1.2266666666666666,True,False
CP001100,AYACUCHO,ACOS VINCHOS,4362.2249755859375,4362.2249755859375,00003551,192.1,266.8,3.2016666666666667,True,False
CP001142,AYACUCHO,CARMEN ALTO,15326.134536743164,15326.134536743164,00003560,166.8,231.6,2.7800000000000002,True,False
CP001157,AYACUCHO,CHIARA,176.54368591308594,176.54368591308594,00003565,197.8,274.6,3.296666666666667,True,False
CP001186,AYACUCHO,CHIARA,3084.119125366211,3084.119125366211,00003563,32.1,44.6,0.535,True,False
CP001205,AYACUCHO,OCROS,1397.953369140625,1397.953369140625,00003577,112.8,156.7,1.88,True,False
CP001267,AYACUCHO,PACAYCASA,388.6552391052246,388.6552391052246,00003609,109.8,152.6,1.8299999999999998,True,False
CP001287,AYACUCHO,QUINUA,1644.2931499481201,1644.2931499481201,00003595,666.1,925.0,11.101666666666667,True,False
CP001332,AYACUCHO,AYACUCHO,2028.7744140625,2028.7744140625,00006898,7738.7,10747.8,128.97833333333332,True,False
CP001345,AYACUCHO,SAN JOSE DE TICLLAS,3021.22412109375,3021.22412109375,00006792,1200.1,1666.4,20.001666666666665,True,False
CP001352,AYACUCHO,SAN JUAN BAUTISTA,3934.32950592041,3934.32950592041,00029753,46.5,64.7,0.775,True,False
CP001354,AYACUCHO,SANTIAGO DE PISCHA,456.1363220214844,456.1363220214844,00003618,103.3,143.6,1.7216666666666667,True,False
CP001364,AYACUCHO,SANTIAGO DE PISCHA,2705.45121383667,2705.45121383667,00003613,7.8,10.9,0.13,True,False
CP001387,AYACUCHO,SOCOS,3654.9765014648438,3654.9765014648438,00003619,332.3,461.6,5.538333333333333,True,False
CP001423,AYACUCHO,TAMBILLO,150.63393020629883,150.63393020629883,00003549,1522.1,2114.0,25.368333333333332,True,False
CP001461,AYACUCHO,VINCHOS,9268.595092773438,9268.595092773438,00003630,345.6,480.3,5.760000000000001,True,False
CP001606,AYACUCHO,JESUS NAZARENO,7240.271049499512,7240.271049499512,00038754,177.9,247.0,2.9650000000000003,True,False
CP001613,AYACUCHO,JESUS NAZARENO,4578.96102142334,4578.96102142334,00031727,1137.7,1580.8,18.961666666666666,True,False
CP001709,AYACUCHO,HUAMANGUILLA,1728.4732723236084,1728.4732723236084,00003650,219.2,304.3,3.6533333333333333,True,False
CP001725,AYACUCHO,SAN MIGUEL,4893.525737762451,4893.525737762451,00038223,96.1,133.5,1.6016666666666666,True,False
CP001755,AYACUCHO,SAN MIGUEL,2798.2415103912354,2798.2415103912354,00003795,2743.1,3809.7,45.718333333333334,True,False
CP001780,AYACUCHO,ANCO,157.27967834472656,157.27967834472656,00003789,232.2,322.4,3.8699999999999997,True,False
CP001903,AYACUCHO,ORONCCOY,2404.864418029785,2404.864418029785,00003782,81259.9,112860.4,1354.3316666666665,True,False
CP001904,AYACUCHO,LUIS CARRANZA,0.0,0.0,00003781,679.4,944.0,11.323333333333332,True,False
CP001966,AYACUCHO,CANGALLO,2314.9082012176514,2314.9082012176514,00038191,140.4,195.0,2.3400000000000003,True,False
CP002013,AYACUCHO,CHUSCHI,4459.5438232421875,4459.5438232421875,00003502,152.0,211.1,2.533333333333333,True,False
CP002035,AYACUCHO,LOS MOROCHUCOS,452.1260075569153,583.7447992202589,00026012,65.1,90.4,1.085,True,False
CP002094,AYACUCHO,MARIA PARADO DE BELLIDO,969.6702041625977,969.6702041625977,00003509,15.5,21.6,0.25833333333333336,True,False
CP002134,AYACUCHO,PARAS,3093.9200286865234,3093.9200286865234,00003584,294.9,409.4,4.915,True,False
CP002188,AYACUCHO,TOTOS,336.23889541625977,336.23889541625977,00003623,353.2,490.7,5.886666666666667,True,False
CP002238,AYACUCHO,SANCOS,2082.363609313965,2082.363609313965,00011440,167.0,231.8,2.783333333333333,True,False
CP002281,AYACUCHO,CARAPO,698.1659317016602,698.1659317016602,00003641,149.9,208.2,2.4983333333333335,True,False
CP002305,AYACUCHO,CARAPO,738.3920974731445,738.3920974731445,00003637,262.8,365.1,4.38,True,False
CP002339,AYACUCHO,SACSAMARCA,1017.8285140991211,1017.8285140991211,00003643,335.5,466.0,5.591666666666667,True,False
CP002451,AYACUCHO,SANTIAGO DE LUCANAMARCA,2590.833984375,2590.833984375,00003645,41923.7,58227.6,698.7283333333332,True,False
CP002506,AYACUCHO,BELEN,0.0,0.0,00003803,182.6,253.8,3.0433333333333334,True,False
CP002510,AYACUCHO,CHALCOS,595.629638671875,595.629638671875,00003804,34.4,47.7,0.5733333333333334,True,False
CP002526,AYACUCHO,CHILCAYOC,524.314323425293,524.314323425293,00003805,284.4,395.0,4.739999999999999,True,False
CP002543,AYACUCHO,SAN SALVADOR DE QUIJE,0.0,0.0,00003806,206.1,286.7,3.435,True,False
CP002570,AYACUCHO,HUANCAPI,210.12940979003906,210.12940979003906,00011433,219.8,305.5,3.6633333333333336,True,False
CP002622,AYACUCHO,ALCAMENCA,1221.6192321777344,1221.6192321777344,00003498,334.2,464.1,5.569999999999999,True,False
CP002631,AYACUCHO,ALCAMENCA,1204.1021118164062,1204.1021118164062,00003510,408.7,567.5,6.8116666666666665,True,False
CP002638,AYACUCHO,ALCAMENCA,0.0,0.0,00003499,245.0,340.4,4.083333333333333,True,False
CP002640,AYACUCHO,CANARIA,1749.8651504516602,1749.8651504516602,00003824,334.3,464.5,5.571666666666667,True,False
CP002723,AYACUCHO,CAYARA,1100.7772312164307,1100.7772312164307,00003828,394.1,547.1,6.568333333333333,True,False
CP002751,AYACUCHO,COLCA,129.2059783935547,129.2059783935547,00003835,246.4,342.2,4.1066666666666665,True,False
CP002756,AYACUCHO,HUAMANQUIQUIA,315.2561798095703,315.2561798095703,00003831,77.4,107.2,1.29,True,False
CP002777,AYACUCHO,HUANCARAYLLA,807.0614776611328,807.0614776611328,00003838,187.9,261.1,3.131666666666667,True,False
CP002784,AYACUCHO,HUALLA,1058.1929931640625,1058.1929931640625,00003829,352.3,489.4,5.871666666666667,True,False
CP002805,AYACUCHO,HUALLA,1738.8028564453125,1738.8028564453125,00003830,487.6,677.1,8.126666666666667,True,False
CP002829,AYACUCHO,SARHUA,2401.465072631836,2401.465072631836,00003512,212.6,295.2,3.5433333333333334,True,False
CP002859,AYACUCHO,VILCANCHOS,2072.411331176758,2072.411331176758,00003628,44.1,61.3,0.735,True,False
CP002967,AYACUCHO,VILCAS HUAMAN,2123.7493286132812,2123.7493286132812,00011435,85.2,118.1,1.4200000000000002,True,False
CP003022,AYACUCHO,CARHUANCA,823.8563919067383,823.8563919067383,00003845,75.3,104.4,1.255,True,False
CP003092,AYACUCHO,INDEPENDENCIA,0.0,0.0,00003844,991.7,1377.3,16.528333333333332,True,False
CP003110,AYACUCHO,SAURAMA,1206.491470336914,1206.491470336914,00003846,254.5,353.4,4.241666666666666,True,False
CP003117,AYACUCHO,VISCHONGO,2589.7260818481445,2589.7260818481445,00006609,233.0,323.6,3.8833333333333333,True,False
CP003661,AYACUCHO,VILCAS HUAMAN,3129.617088317871,3129.617088317871,00011435,591.7,821.7,9.861666666666668,True,False
CP003719,AYACUCHO,AUCARA,4299.03360748291,4299.03360748291,00003713,722.7,1003.5,12.045,True,False
CP003793,AYACUCHO,CABANA,5486.144664764404,5486.144664764404,00003713,1528.4,2122.2,25.473333333333336,True,False
CP003823,AYACUCHO,CARMEN SALCEDO,3283.3308715820312,3283.3308715820312,00003710,4.4,6.1,0.07333333333333333,True,False
CP003847,AYACUCHO,CHIPAO,535.1390953063965,535.1390953063965,00003711,305.6,424.3,5.093333333333334,True,False
CP003937,AYACUCHO,HUAC-HUAS,2990.552474975586,2990.552474975586,00003678,163.7,227.1,2.728333333333333,True,False
CP003948,AYACUCHO,LARAMATE,601.9064064025879,601.9064064025879,00003680,288.5,400.9,4.808333333333334,True,False
CP004176,AYACUCHO,OTOCA,3154.984588623047,3154.984588623047,00003690,62.9,87.5,1.0483333333333333,True,False
CP004190,AYACUCHO,SAN PEDRO DE PALCO,558.4266662597656,558.4266662597656,00003687,214.0,297.5,3.566666666666667,True,False
CP004264,AYACUCHO,SANTA ANA DE HUAYCAHUACHO,643.3231010437012,643.3231010437012,00003717,0.0,0.0,0.0,True,True
CP004269,AYACUCHO,QUEROBAMBA,1827.2440090179443,1827.2440090179443,00011434,143.7,199.7,2.395,True,False
CP004308,AYACUCHO,MORCOLLA,236.52635955810547,236.52635955810547,00003810,0.0,0.0,0.0,True,True
CP004340,AYACUCHO,PAICO,782.7464752197266,782.7464752197266,00003813,90.6,125.7,1.51,True,False
CP004353,AYACUCHO,SAN PEDRO DE LARCAY,0.0,0.0,00003815,406.8,565.2,6.78,True,False
CP004371,AYACUCHO,SANTIAGO DE PAUCARAY,663.4002990722656,663.4002990722656,00003813,1724.3,2395.2,28.738333333333333,True,False
CP004394,AYACUCHO,SORAS,564.3725185394287,564.3725185394287,00003818,129.3,179.5,2.1550000000000002,True,False
CP004435,AYACUCHO,ASQUIPATA,0.0,0.0,00003821,321.8,447.1,5.363333333333333,True,False
CP004529,AYACUCHO,OCAÑA,2738.2802734375,2738.2802734375,00003686,13317.6,18493.4,221.96,True,False
CP005001,AYACUCHO,PUQUIO,3675.9010343551636,3711.111695825189,00037081,2.4,3.2,0.04,True,False
CP005088,AYACUCHO,CHAVIÑA,398.03762674331665,524.4679378658392,00003513,182.0,252.8,3.033333333333333,True,False
CP005168,AYACUCHO,LUCANAS,1129.4950561523438,1259.7147233847509,00003720,47.0,65.3,0.7833333333333333,True,False
CP005252,AYACUCHO,SAISA,768.0635223388672,768.0635223388672,00003724,100.3,139.3,1.6716666666666666,True,False
CP005282,AYACUCHO,SAN CRISTOBAL,1263.0961322784424,1263.0961322784424,00003725,188.7,262.1,3.145,True,False
CP005293,AYACUCHO,SAN JUAN,723.780632019043,723.780632019043,00007627,0.0,0.0,0.0,True,True
CP005319,AYACUCHO,SAN PEDRO,589.6756973266602,589.6756973266602,00003735,110.0,152.7,1.8333333333333333,True,False
CP005402,AYACUCHO,SANTA LUCIA,73.87101745605469,73.87101745605469,00003743,73.2,101.8,1.22,True,False
CP005488,AYACUCHO,CORONEL CASTAÑEDA,868.2953720092773,868.2953720092773,00003529,52.7,73.1,0.8783333333333334,True,False
CP005512,AYACUCHO,PACAPAUSA,0.0,0.0,00003530,76.7,106.6,1.2783333333333333,True,False
CP005541,AYACUCHO,SAN FRANCISCO DE RAVACAYCO,0.0,0.0,00003531,276.4,383.6,4.6066666666666665,True,False
CP005569,AYACUCHO,UPAHUACHO,1126.7588806152344,1126.7588806152344,00003534,169.9,236.3,2.8316666666666666,True,False
CP005622,AYACUCHO,UPAHUACHO,2235.301483154297,2235.301483154297,00003533,340.1,472.4,5.668333333333334,True,False
CP006182,AYACUCHO,SANCOS,642.0419769287109,642.0419769287109,00003542,299.5,416.1,4.991666666666666,True,False
CP006258,AYACUCHO,SANCOS,3908.078357696533,3908.078357696533,00003740,310.5,431.3,5.175,True,False
CP006263,AYACUCHO,CORACORA,5111.282787322998,5111.282787322998,00011443,189.5,263.0,3.158333333333333,True,False
CP006292,AYACUCHO,CHUMPI,1808.6961784362793,1808.6961784362793,00003519,549.1,762.6,9.151666666666667,True,False
CP006340,AYACUCHO,PULLO,462.22388648986816,504.635559541437,00003535,428.5,595.4,7.141666666666667,True,False
CP006427,AYACUCHO,PUYUSCA,1131.4702343940735,1131.4702343940735,00003524,582.0,808.5,9.7,True,False
CP006489,AYACUCHO,PAUSA,1788.123649597168,1788.123649597168,00003701,166.5,231.4,2.775,True,False
CP006517,AYACUCHO,COLTA,0.0,0.0,00003692,262.6,364.6,4.376666666666667,True,False
CP006527,AYACUCHO,CORCULLA,199.33638954162598,199.33638954162598,00003698,173.9,241.5,2.8983333333333334,True,False
CP006541,AYACUCHO,LAMPA,435.5044593811035,435.5044593811035,00003693,213.1,296.0,3.5516666666666667,True,False
CP006551,AYACUCHO,LAMPA,2009.2677841186523,2009.2677841186523,00003694,425.0,590.5,7.083333333333333,True,False
CP006554,AYACUCHO,MARCABAMBA,289.3314971923828,289.3314971923828,00003696,127.7,177.1,2.1283333333333334,True,False
CP006569,AYACUCHO,OYOLO,650.4058494567871,650.4058494567871,00003699,424.7,590.0,7.078333333333333,True,False
CP006600,AYACUCHO,PARARCA,635.5152435302734,635.5152435302734,00003705,1.3,1.8,0.021666666666666667,True,False
CP006608,AYACUCHO,SAN JAVIER DE ALPABAMBA,0.0,0.0,00003697,2833.8,3934.9,47.230000000000004,True,False
CP006625,AYACUCHO,SAN JOSE DE USHUA,157.10912227630615,157.10912227630615,00003700,105.4,146.5,1.7566666666666668,True,False
CP006635,AYACUCHO,SARA SARA,706.0265808105469,706.0265808105469,00003706,98.4,136.6,1.6400000000000001,True,False
CP006816,AYACUCHO,CORACORA,2135.1638612747192,2135.1638612747192,00006839,1414.4,1964.4,23.573333333333334,True,False
CP006882,AYACUCHO,PULLO,965.7690277099609,1054.3838341787828,00003729,25.6,35.4,0.4266666666666667,True,False
CP006914,AYACUCHO,SIVIA,2585.1817588806152,2585.1817588806152,00003770,810.0,1125.0,13.5,True,False
CP006918,AYACUCHO,LLOCHEGUA,775.9785118103027,775.9785118103027,00034687,152.8,212.2,2.546666666666667,True,False
CP006921,AYACUCHO,CANAYRE,1398.3269844055176,1398.3269844055176,00029693,37.7,52.3,0.6283333333333334,True,False
CP006922,AYACUCHO,CANAYRE,3102.0760192871094,3102.0760192871094,00003771,373.2,518.4,6.22,True,False
CP006927,AYACUCHO,LLOCHEGUA,3066.8718223571777,3066.8718223571777,00003772,230.3,319.7,3.8383333333333334,True,False
CP009664,AYACUCHO,SAN JUAN BAUTISTA,2237.122127532959,2237.122127532959,00011354,318.4,442.2,5.306666666666667,True,False
CP009678,AYACUCHO,ORONCCOY,2379.863212585449,2379.863212585449,00003786,6359.4,8833.2,105.99,True,False
CP009693,AYACUCHO,SAN JUAN BAUTISTA,2687.344581604004,2687.344581604004,00033499,139.4,193.4,2.3233333333333333,True,False
CP009724,AYACUCHO,JESUS NAZARENO,3862.0667266845703,3862.0667266845703,00038754,159.6,221.8,2.6599999999999997,True,False
CP009733,AYACUCHO,AYACUCHO,20014.127109527588,20014.127109527588,00036552,590.2,819.7,9.836666666666668,True,False
CP009865,AYACUCHO,HUANTA,4676.114814758301,4676.114814758301,00003659,295.3,410.2,4.921666666666667,True,False
CP009876,AYACUCHO,HUANTA,3056.6756019592285,3056.6756019592285,00003658,737.0,1023.5,12.283333333333333,True,False
CP010077,AYACUCHO,CANAYRE,2581.9355506896973,2581.9355506896973,00003771,96.1,133.6,1.6016666666666666,True,False
CP010087,LAMBAYEQUE,LAGUNAS,349.74908924102783,349.74908924102783,00004362,206.9,287.3,3.4483333333333333,True,False
CP010093,LAMBAYEQUE,CHICLAYO,203033.19521522522,203033.19521522522,00029438,58.8,81.6,0.98,True,False
CP010094,LAMBAYEQUE,CHICLAYO,463.33668518066406,463.33668518066406,00027515,2787.5,3871.5,46.458333333333336,True,False
CP010095,LAMBAYEQUE,CHONGOYAPE,2438.0437393188477,2438.0437393188477,00004325,114.7,159.3,1.9116666666666666,True,False
CP010121,LAMBAYEQUE,CHONGOYAPE,109.73489093780518,109.73489093780518,00004326,14456.8,20079.2,240.94666666666666,True,False
CP010132,LAMBAYEQUE,CHONGOYAPE,1936.6044311523438,1936.6044311523438,00007023,13926.1,15920.3,232.10166666666666,True,False
CP010138,LAMBAYEQUE,CHONGOYAPE,2600.010922431946,2600.010922431946,00004326,502.7,698.0,8.378333333333334,True,False
CP010139,LAMBAYEQUE,ETEN,5413.342206954956,5413.342206954956,00004353,553.6,769.1,9.226666666666667,True,False
CP010141,LAMBAYEQUE,ETEN,2057.464557647705,2057.464557647705,00004353,1950.9,2709.4,32.515,True,False
CP010146,LAMBAYEQUE,ETEN PUERTO,1876.0244760513306,1876.0244760513306,00004354,204.5,284.0,3.408333333333333,True,False
CP010147,LAMBAYEQUE,JOSE LEONARDO ORTIZ,41121.46096038818,41121.46096038818,00008831,207.3,287.7,3.455,True,False
CP010149,LAMBAYEQUE,JOSE LEONARDO ORTIZ,33462.027643203735,33462.027643203735,00004334,1342.9,1864.7,22.381666666666668,True,False
CP010150,LAMBAYEQUE,LA VICTORIA,52036.54165649414,52036.54165649414,00031994,156.8,212.4,2.6133333333333337,True,False
CP010164,LAMBAYEQUE,LAGUNAS,1743.7179527282715,1743.7179527282715,00004359,81.0,112.3,1.35,True,False
CP010170,LAMBAYEQUE,LAGUNAS,2778.389645576477,2778.389645576477,00004360,524.8,728.9,8.746666666666666,True,False
CP010174,LAMBAYEQUE,MONSEFU,7336.94171333313,7336.94171333313,00030951,225.6,313.2,3.76,True,False
CP010182,LAMBAYEQUE,MONSEFU,2731.005027770996,2731.005027770996,00004351,330.0,458.3,5.5,True,False
CP010215,LAMBAYEQUE,NUEVA ARICA,1111.999773979187,1111.999773979187,00004364,179.3,248.9,2.9883333333333337,True,False
CP010222,LAMBAYEQUE,OYOTUN,3345.2154750823975,3396.352539351987,00008892,27.2,37.9,0.4533333333333333,True,False
CP010253,LAMBAYEQUE,PICSI,5919.496282577515,5919.496282577515,00004439,173.2,240.5,2.8866666666666663,True,False
CP010258,LAMBAYEQUE,PICSI,769.5454034805298,769.5454034805298,00006954,51.2,71.4,0.8533333333333334,True,False
CP010263,LAMBAYEQUE,PIMENTEL,3903.745599746704,3903.745599746704,00004338,589.7,819.1,9.828333333333335,True,False
CP010265,LAMBAYEQUE,PIMENTEL,12395.308910369873,12395.308910369873,00038860,429.7,596.8,7.161666666666666,True,False
CP010270,LAMBAYEQUE,PIMENTEL,935.3232688903809,935.3232688903809,00011020,530.9,737.3,8.848333333333333,True,False
CP010271,LAMBAYEQUE,PIMENTEL,2596.118232727051,2596.118232727051,00025885,67.4,93.7,1.1233333333333335,True,False
CP010278,LAMBAYEQUE,PIMENTEL,3411.861804962158,3411.861804962158,00011020,341.8,474.7,5.696666666666667,True,False
CP010279,LAMBAYEQUE,PIMENTEL,1541.6885662078857,1541.6885662078857,00031984,367.1,509.7,6.118333333333334,True,False
CP010290,LAMBAYEQUE,PIMENTEL,2380.3386907577515,2380.3386907577515,00035228,1041.2,1446.1,17.353333333333335,True,False
CP010307,LAMBAYEQUE,REQUE,4965.145576477051,4965.145576477051,00038395,1190.2,1652.9,19.836666666666666,True,False
CP010310,LAMBAYEQUE,REQUE,0.0,0.0,00004344,93.1,129.3,1.5516666666666665,True,False
CP010312,LAMBAYEQUE,SANTA ROSA,9389.39815235138,9389.39815235138,00004355,239.4,332.5,3.99,True,False
CP010315,LAMBAYEQUE,SAÑA,1602.1314601898193,1602.1314601898193,00004356,56.9,79.1,0.9483333333333334,True,False
CP010316,LAMBAYEQUE,SAÑA,2776.0034914016724,2776.0034914016724,00017874,150.0,208.3,2.5,True,False
CP010319,LAMBAYEQUE,SAÑA,2389.6079635620117,2389.6079635620117,00006997,1781.0,2473.9,29.683333333333334,True,False
CP010341,LAMBAYEQUE,CAYALTI,6329.463043212891,6329.463043212891,00011841,153.6,213.7,2.56,True,False
CP010362,LAMBAYEQUE,PATAPO,3552.783182144165,3552.783182144165,00016699,189.7,263.3,3.1616666666666666,True,False
CP010368,LAMBAYEQUE,PATAPO,2155.878252029419,2155.878252029419,00016699,903.7,1255.0,15.061666666666667,True,False
CP010379,LAMBAYEQUE,POMALCA,12495.865522384644,12495.865522384644,00007107,349.0,484.6,5.816666666666666,True,False
CP010383,LAMBAYEQUE,POMALCA,4689.002814292908,4689.002814292908,00007107,1440.2,1999.8,24.003333333333334,True,False
CP010387,LAMBAYEQUE,POMALCA,3382.7641105651855,3382.7641105651855,00004340,291.5,404.8,4.858333333333333,True,False
CP010392,LAMBAYEQUE,CHICLAYO,4445.530874252319,4445.530874252319,00004339,384.4,533.8,6.406666666666666,True,False
CP010396,LAMBAYEQUE,PUCALA,4638.035634994507,4638.035634994507,00006997,250.7,348.3,4.178333333333333,True,False
CP010412,LAMBAYEQUE,TUMAN,10266.206485748291,10266.206485748291,00007322,145.4,202.1,2.4233333333333333,True,False
CP010432,LAMBAYEQUE,FERREÑAFE,20263.238304138184,20263.238304138184,00038084,247.7,343.9,4.128333333333333,True,False
CP010446,LAMBAYEQUE,FERREÑAFE,2779.870952606201,2779.870952606201,00038084,689.9,958.5,11.498333333333333,True,False
CP010453,LAMBAYEQUE,MANUEL ANTONIO MESONES MURO,1379.7931823730469,1379.7931823730469,00004443,259.9,361.0,4.331666666666666,True,False
CP010484,LAMBAYEQUE,PITIPO,968.7522487640381,968.7522487640381,00004444,105.8,146.7,1.7633333333333332,True,False
CP010485,LAMBAYEQUE,PITIPO,2921.820556640625,2921.820556640625,00004448,261.5,363.3,4.358333333333333,True,False
CP010498,LAMBAYEQUE,PUEBLO NUEVO,9726.75213432312,9726.75213432312,00036343,313.5,435.7,5.225,True,False
CP010505,LAMBAYEQUE,PUEBLO NUEVO,0.0,0.0,00035654,1805.0,2507.1,30.083333333333332,True,False
CP010509,LAMBAYEQUE,LAMBAYEQUE,28587.11128807068,28587.11128807068,00030583,226.0,313.9,3.7666666666666666,True,False
CP010526,LAMBAYEQUE,LAMBAYEQUE,6477.452304840088,6477.452304840088,00004375,3779.5,5249.2,62.99166666666667,True,False
CP010533,LAMBAYEQUE,LAMBAYEQUE,5257.66877746582,5257.66877746582,00030583,1240.8,1723.4,20.68,True,False
CP010536,LAMBAYEQUE,LAMBAYEQUE,3754.99582862854,3754.99582862854,00004372,517.4,718.6,8.623333333333333,True,False
CP010552,LAMBAYEQUE,LAMBAYEQUE,9665.185775756836,9665.185775756836,00029292,2137.4,2968.4,35.623333333333335,True,False
CP010554,LAMBAYEQUE,MOCHUMI,2824.9079055786133,2824.9079055786133,00004380,345.3,479.7,5.755,True,False
CP010591,LAMBAYEQUE,MORROPE,14855.757251739502,14855.757251739502,00035928,146.5,203.3,2.441666666666667,True,False
CP010596,LAMBAYEQUE,MORROPE,4134.088554382324,4134.088554382324,00004429,280.9,390.1,4.681666666666667,True,False
CP010610,LAMBAYEQUE,MORROPE,2674.6141357421875,2674.6141357421875,00004426,14921.3,20723.9,248.68833333333333,True,False
CP010611,LAMBAYEQUE,MORROPE,2731.17325592041,2731.17325592041,00004426,11295.1,15687.2,188.25166666666667,True,False
CP010626,LAMBAYEQUE,MORROPE,0.0,0.0,00004383,3460.7,4806.1,57.67833333333333,True,False
CP010627,LAMBAYEQUE,MORROPE,162.8487548828125,162.8487548828125,00004427,2510.8,3487.4,41.84666666666667,True,False
CP010630,LAMBAYEQUE,SAN JOSE,8213.618534088135,8213.618534088135,00004345,225.7,313.7,3.7616666666666663,True,False
CP010638,LAMBAYEQUE,SAN JOSE,4296.176410675049,4296.176410675049,00004348,156.1,216.8,2.6016666666666666,True,False
CP010643,LAMBAYEQUE,TUCUME,3699.949213027954,3699.949213027954,00004389,154.1,213.8,2.5683333333333334,True,False
CP010658,LAMBAYEQUE,MOCHUMI,2196.3409309387207,2196.3409309387207,00026094,1234.9,1715.1,20.581666666666667,True,False
CP010671,LAMBAYEQUE,LA VICTORIA,2973.1574668884277,2973.1574668884277,00033044,1256.0,1744.5,20.933333333333334,True,False
CP010672,LAMBAYEQUE,LA VICTORIA,22745.160041809082,22745.160041809082,00034072,1785.4,2479.8,29.756666666666668,True,False
CP010678,LAMBAYEQUE,MONSEFU,2209.155605316162,2209.155605316162,00004349,720.0,999.5,12.0,True,False
CP010681,LAMBAYEQUE,CHICLAYO,16919.141216278076,16919.141216278076,00004339,5947.3,8259.9,99.12166666666667,True,False
CP010682,LAMBAYEQUE,CHICLAYO,24186.44892501831,24186.44892501831,00027515,563.0,782.0,9.383333333333333,True,False
CP010683,LAMBAYEQUE,CHICLAYO,9707.379726409912,9707.379726409912,00027515,2146.0,2980.1,35.766666666666666,True,False
CP010684,LAMBAYEQUE,CHICLAYO,9607.508293151855,9607.508293151855,00004339,3845.6,5340.8,64.09333333333333,True,False
CP010686,LAMBAYEQUE,CHICLAYO,3381.9118366241455,3381.9118366241455,00027515,2568.7,3567.5,42.81166666666666,True,False
CP010687,LAMBAYEQUE,JOSE LEONARDO ORTIZ,22664.601406097412,22664.601406097412,00034752,447.4,621.3,7.456666666666666,True,False
CP010688,LAMBAYEQUE,JOSE LEONARDO ORTIZ,37572.410888671875,37572.410888671875,00007183,937.7,1302.3,15.628333333333334,True,False
CP010689,LAMBAYEQUE,JOSE LEONARDO ORTIZ,15159.405347824097,15159.405347824097,00006954,2495.3,3465.6,41.58833333333334,True,False
CP010692,LAMBAYEQUE,REQUE,2069.47017288208,2069.47017288208,00027737,2000.5,2778.3,33.34166666666667,True,False
CP010702,LAMBAYEQUE,FERREÑAFE,6265.790328979492,6265.790328979492,00035654,846.5,1175.7,14.108333333333333,True,False
CP010703,LAMBAYEQUE,FERREÑAFE,4340.341320037842,4340.341320037842,00004441,833.3,1157.8,13.888333333333332,True,False
CP010724,LAMBAYEQUE,PATAPO,2395.3978214263916,2395.3978214263916,00004336,438.1,608.7,7.301666666666667,True,False
CP010726,LAMBAYEQUE,TUMAN,2898.1868419647217,2898.1868419647217,00006723,939.9,1305.5,15.665,True,False
CP010727,LAMBAYEQUE,TUMAN,3958.6907863616943,3958.6907863616943,00006723,1103.7,1532.7,18.395,True,False
CP010728,LAMBAYEQUE,TUMAN,4674.011096954346,4674.011096954346,00029984,1331.5,1849.3,22.191666666666666,True,False
CP010803,LAMBAYEQUE,CAÑARIS,6265.684020996094,6265.684020996094,00007318,406.0,564.2,6.766666666666667,True,False
CP010813,LAMBAYEQUE,INCAHUASI,417.4454345703125,417.4454345703125,00004455,25.5,35.4,0.425,True,False
CP010814,LAMBAYEQUE,CAÑARIS,2856.57958984375,2856.57958984375,00034132,3803.1,5281.4,63.385,True,False
CP010915,LAMBAYEQUE,PITIPO,2005.2860174179077,2005.2860174179077,00007317,97.1,134.7,1.6183333333333332,True,False
CP010938,LAMBAYEQUE,PITIPO,2960.1077613830566,2960.1077613830566,00004451,208.5,289.3,3.475,True,False
CP010947,LAMBAYEQUE,CHOCHOPE,318.8411064147949,318.8411064147949,00004396,132.6,184.1,2.21,True,False
CP010968,LAMBAYEQUE,ILLIMO,1305.7101764678955,1305.7101764678955,00004376,149.1,207.3,2.485,True,False
CP010990,LAMBAYEQUE,JAYANCA,1587.2924919128418,1587.2924919128418,00038883,82.8,115.0,1.38,True,False
CP010996,LAMBAYEQUE,JAYANCA,2200.422504425049,2200.422504425049,00038883,11508.3,15983.4,191.80499999999998,True,False
CP011031,LAMBAYEQUE,MOTUPE,3678.9291772842407,4340.778212486463,00008839,50.1,69.7,0.8350000000000001,True,False
CP011071,LAMBAYEQUE,PACORA,3482.911229133606,3482.911229133606,00004384,231.3,321.2,3.855,True,False
CP011088,LAMBAYEQUE,SALAS,2270.4669666290283,2270.4669666290283,00004386,329.9,458.2,5.498333333333333,True,False
CP011177,LAMBAYEQUE,OLMOS,3007.6154918670654,3019.412821538779,00011688,1589.4,2207.4,26.490000000000002,True,False
CP011359,LAMBAYEQUE,OLMOS,5895.154125213623,5918.277784760121,00034054,201.7,280.1,3.3616666666666664,True,False
CP011470,LAMBAYEQUE,OLMOS,3206.284957885742,3218.8615657573,00004415,18795.7,26104.6,313.26166666666666,True,False
CP011520,LAMBAYEQUE,JOSE LEONARDO ORTIZ,45182.023780822754,45182.023780822754,00027508,349.7,485.5,5.828333333333333,True,False
CP011529,LAMBAYEQUE,PATAPO,2058.5394191741943,2058.5394191741943,00004337,441.5,613.2,7.358333333333333,True,False
CP011583,LAMBAYEQUE,REQUE,5077.951234817505,5077.951234817505,00038395,79.7,110.5,1.3283333333333334,True,False
CP011599,LAMBAYEQUE,LA VICTORIA,5480.131093978882,5480.131093978882,00033044,3490.8,4848.0,58.18,True,False
CP011620,LAMBAYEQUE,LA VICTORIA,3834.824981689453,3834.824981689453,00033044,560.8,778.7,9.346666666666666,True,False
CP011636,LAMBAYEQUE,PIMENTEL,2042.7381038665771,2042.7381038665771,00007306,599.2,832.3,9.986666666666668,True,False
CP011733,LAMBAYEQUE,INCAHUASI,3158.9265518188477,3158.9265518188477,00004457,121.8,169.2,2.03,True,False
CP011786,LAMBAYEQUE,SAN JOSE,2542.0730171203613,2542.0730171203613,00004345,400.2,555.9,6.67,True,False
CP011789,LAMBAYEQUE,LAMBAYEQUE,3894.9716300964355,3894.9716300964355,00004373,624.2,867.0,10.403333333333334,True,False
CP011795,LAMBAYEQUE,LAMBAYEQUE,2568.660957336426,2568.660957336426,00033390,469.8,652.5,7.83,True,False
CP011796,LAMBAYEQUE,LAMBAYEQUE,10542.594944000244,10542.594944000244,00028903,1176.4,1634.1,19.60666666666667,True,False
CP011815,LAMBAYEQUE,MOCHUMI,4221.492599487305,4221.492599487305,00004380,290.0,402.8,4.833333333333333,True,False
CP011873,LAMBAYEQUE,JAYANCA,2140.3557357788086,2140.3557357788086,00038883,142.9,198.4,2.381666666666667,True,False
CP012079,LORETO,CONTAMANA,27123.52227783203,27123.52227783203,00000162,228.9,317.8,3.815,True,False
CP012121,LORETO,INAHUAYA,2862.8333740234375,2862.8333740234375,00000176,0.0,0.0,0.0,True,True
CP012126,LORETO,PAMPA HERMOSA,9633.258117675781,9633.258117675781,00000176,0.0,0.0,0.0,True,True
CP012127,LORETO,PAMPA HERMOSA,0.0,0.0,00017455,0.0,0.0,0.0,True,True
CP012138,LORETO,PAMPA HERMOSA,2411.334716796875,2411.334716796875,00000176,0.0,0.0,0.0,True,True
CP012159,LORETO,SARAYACU,14974.505676269531,14974.505676269531,00000181,0.0,0.0,0.0,True,True
CP012178,LORETO,VARGAS GUERRA,5445.30916595459,5445.30916595459,00000181,0.0,0.0,0.0,True,True
CP012183,LORETO,VARGAS GUERRA,2430.744384765625,2430.744384765625,00000181,0.0,0.0,0.0,True,True
CP012218,LORETO,YURIMAGUAS,124.3234634399414,124.3234634399414,00000230,0.0,0.0,0.0,True,True
CP012227,LORETO,YURIMAGUAS,2351.8434410095215,2351.8434410095215,00000230,166.5,231.2,2.775,True,False
CP012229,LORETO,YURIMAGUAS,2863.0532608032227,2863.0532608032227,00000227,163.5,226.9,2.725,True,False
CP012235,LORETO,TENIENTE CESAR LOPEZ ROJAS,5750.025009155273,5750.025009155273,00000206,94.9,131.8,1.5816666666666668,True,False
CP012269,LORETO,SOPLIN,678.4256286621094,678.4256286621094,00000152,0.0,0.0,0.0,True,True
CP012272,LORETO,SARAYACU,0.0,0.0,00000181,0.0,0.0,0.0,True,True
CP012317,LORETO,MAQUIA,7889.401123046875,7889.401123046875,00000181,0.0,0.0,0.0,True,True
CP012318,LORETO,EMILIO SAN MARTIN,7192.515625,7192.515625,00000181,0.0,0.0,0.0,True,True
CP012329,LORETO,YURIMAGUAS,26730.204511642456,26730.204511642456,00025454,19.9,27.7,0.33166666666666667,True,False
CP012371,LORETO,YURIMAGUAS,4710.443508148193,4710.443508148193,00000215,5261.0,7307.4,87.68333333333334,True,False
CP012375,LORETO,YURIMAGUAS,2118.4554290771484,2118.4554290771484,00033385,3414.6,4742.6,56.91,True,False
CP012376,LORETO,YURIMAGUAS,3062.5083618164062,3062.5083618164062,00000223,0.0,0.0,0.0,True,True
CP012398,LORETO,YURIMAGUAS,712.9865493774414,712.9865493774414,00000222,0.1,0.1,0.0016666666666666668,True,False
CP012406,LORETO,YURIMAGUAS,3797.2247009277344,3797.2247009277344,00000300,0.0,0.0,0.0,True,True
CP012407,LORETO,YURIMAGUAS,2357.0128631591797,2357.0128631591797,00036653,1501.2,2084.6,25.02,True,False
CP012410,LORETO,YURIMAGUAS,2923.888229370117,2923.888229370117,00000217,0.0,0.0,0.0,True,True
CP012488,LORETO,TENIENTE CESAR LOPEZ ROJAS,0.0,0.0,00000208,0.0,0.0,0.0,True,True
CP012496,LORETO,EMILIO SAN MARTIN,0.0,0.0,00000152,0.0,0.0,0.0,True,True
CP012497,LORETO,EMILIO SAN MARTIN,0.0,0.0,00000157,0.0,0.0,0.0,True,True
CP012522,LORETO,MAQUIA,0.0,0.0,00000157,0.0,0.0,0.0,True,True
CP012615,LORETO,BALSAPUERTO,747.4878005981445,747.4878005981445,00000187,282.8,392.6,4.713333333333334,True,False
CP012674,LORETO,YAQUERANA,1398.0157165527344,1398.0157165527344,00000053,0.0,0.0,0.0,True,True
CP012697,LORETO,CAHUAPANAS,1591.1269454956055,1591.1269454956055,00000244,0.0,0.0,0.0,True,True
CP012725,LORETO,JEBEROS,3505.1876678466797,3505.1876678466797,00000192,0.0,0.0,0.0,True,True
CP012748,LORETO,LAGUNAS,9808.40729522705,9808.40729522705,00032291,325.6,452.0,5.426666666666667,True,False
CP012749,LORETO,LAGUNAS,2858.7791175842285,2858.7791175842285,00000196,191.2,265.6,3.1866666666666665,True,False
CP012784,LORETO,REQUENA,24343.514709472656,24343.514709472656,00014386,822.3,1142.0,13.705,True,False
CP012818,LORETO,CAPELO,4407.775436401367,4407.775436401367,00000132,0.0,0.0,0.0,True,True
CP012858,LORETO,REQUENA,2667.9784202575684,2667.9784202575684,00000136,1849.5,2568.8,30.825,True,False
CP012872,LORETO,BARRANCA,0.0,0.0,00000238,0.0,0.0,0.0,True,True
CP012873,LORETO,BARRANCA,13695.277866363525,13695.277866363525,00025127,262.0,364.0,4.366666666666666,True,False
CP012936,LORETO,MANSERICHE,6748.739952087402,6748.739952087402,00000238,0.0,0.0,0.0,True,True
CP012949,LORETO,MANSERICHE,4116.893684387207,4116.893684387207,00000238,0.0,0.0,0.0,True,True
CP012967,LORETO,MORONA,14832.192749023438,14832.192749023438,00000238,0.0,0.0,0.0,True,True
CP012977,LORETO,PASTAZA,3885.895751953125,3885.895751953125,00011691,0.0,0.0,0.0,True,True
CP012984,LORETO,PASTAZA,2694.370849609375,2694.370849609375,00000236,0.0,0.0,0.0,True,True
CP013000,LORETO,NAUTA,8909.811115264893,8909.811115264893,00000091,303.3,421.1,5.055000000000001,True,False
CP013001,LORETO,NAUTA,448.514892578125,448.514892578125,00000093,0.0,0.0,0.0,True,True
CP013002,LORETO,NAUTA,3928.2754707336426,3928.2754707336426,00030800,103.4,143.7,1.7233333333333334,True,False
CP013004,LORETO,NAUTA,9084.248718261719,9084.248718261719,00030800,698.2,970.2,11.636666666666667,True,False
CP013051,LORETO,PARINARI,0.0,0.0,00000100,0.0,0.0,0.0,True,True
CP013079,LORETO,URARINAS,0.0,0.0,00000111,420.4,583.9,7.006666666666666,True,False
CP013124,LORETO,SAQUENA,4244.7960205078125,4244.7960205078125,00000155,0.0,0.0,0.0,True,True
CP013138,LORETO,JENARO HERRERA,5762.569059371948,5762.569059371948,00000136,0.0,0.0,0.0,True,True
CP013192,LORETO,PARINARI,3583.8136444091797,3583.8136444091797,00000142,0.0,0.0,0.0,True,True
CP013217,LORETO,FERNANDO LORES,19254.065673828125,19254.065673828125,00025268,4110.5,5709.1,68.50833333333334,True,False
CP013312,LORETO,SAN JUAN BAUTISTA,4631.879302978516,4631.879302978516,00000033,3269.9,4541.5,54.498333333333335,True,False
CP013321,LORETO,SAN JUAN BAUTISTA,2244.1785888671875,2244.1785888671875,00000033,2057.4,2857.3,34.29,True,False
CP013334,LORETO,SAN JUAN BAUTISTA,2703.3986206054688,2703.3986206054688,00006694,375.2,521.0,6.253333333333333,True,False
CP013338,LORETO,SAN JUAN BAUTISTA,9182.044677734375,9182.044677734375,00006694,5692.4,7905.9,94.87333333333332,True,False
CP013403,LORETO,NAUTA,2562.2521362304688,2562.2521362304688,00000101,0.0,0.0,0.0,True,True
CP013421,LORETO,TIGRE,3270.7782611846924,3270.7782611846924,00000101,0.0,0.0,0.0,True,True
CP013455,LORETO,SAN PABLO,2627.718605041504,2627.718605041504,00000123,305.6,424.5,5.093333333333334,True,False
CP013487,LORETO,MANSERICHE,0.0,0.0,00000238,0.0,0.0,0.0,True,True
CP013489,LORETO,RAMON CASTILLA,336.93931102752686,352.12729543438354,00000122,0.0,0.0,0.0,True,True
CP013509,LORETO,YAVARI,140.4773347377777,159.37466866703096,00000125,0.0,0.0,0.0,True,True
CP013558,LORETO,IQUITOS,17610.556153297424,17610.556153297424,00032466,560.5,778.4,9.341666666666667,True,False
CP013574,LORETO,ALTO NANAY,871.9198608398438,871.9198608398438,00000005,0.0,0.0,0.0,True,True
CP013702,LORETO,PUNCHANA,5526.033560752869,5526.033560752869,00015329,121.3,168.4,2.0216666666666665,True,False
CP013703,LORETO,PUNCHANA,94.50486755371094,94.50486755371094,00000017,0.0,0.0,0.0,True,True
CP013747,LORETO,PUNCHANA,3407.5041246414185,3407.5041246414185,00000271,632.9,879.0,10.548333333333334,True,False
CP013772,LORETO,BELEN,4625.528820037842,4625.528820037842,00025700,607.5,843.5,10.125,True,False
CP013792,LORETO,SAN JUAN BAUTISTA,2586.828155517578,2586.828155517578,00000048,314.7,437.3,5.245,True,False
CP013799,LORETO,SAN JUAN BAUTISTA,2873.2222080230713,2873.2222080230713,00035365,315.5,438.1,5.258333333333334,True,False
CP013800,LORETO,SAN JUAN BAUTISTA,4568.214868545532,4568.214868545532,00000028,42.1,58.5,0.7016666666666667,True,False
CP013801,LORETO,SAN JUAN BAUTISTA,1549.317403793335,1549.317403793335,00000029,124.2,172.5,2.07,True,False
CP013810,LORETO,SAN JUAN BAUTISTA,5654.253953933716,5654.253953933716,00032395,476.0,661.3,7.933333333333334,True,False
CP013811,LORETO,SAN JUAN BAUTISTA,5022.205492019653,5022.205492019653,00035959,300.3,417.0,5.005,True,False
CP013814,LORETO,SAN JUAN BAUTISTA,2845.9569244384766,2845.9569244384766,00011777,314.0,436.3,5.233333333333333,True,False
CP013815,LORETO,SAN JUAN BAUTISTA,6361.624967575073,6361.624967575073,00000032,864.3,1200.8,14.405,True,False
CP013817,LORETO,SAN JUAN BAUTISTA,14639.943235397339,14639.943235397339,00006794,749.2,1040.8,12.486666666666668,True,False
CP013820,LORETO,SAN JUAN BAUTISTA,4293.301773071289,4293.301773071289,00006794,1854.6,2575.8,30.91,True,False
CP013822,LORETO,SAN JUAN BAUTISTA,4515.360641479492,4515.360641479492,00000035,238.0,330.3,3.966666666666667,True,False
CP013823,LORETO,SAN JUAN BAUTISTA,16370.593475341797,16370.593475341797,00017213,676.1,939.3,11.268333333333334,True,False
CP013895,LORETO,RAMON CASTILLA,2133.6880519390106,2229.8668586301023,00011556,84.7,117.8,1.4116666666666666,True,False
CP013946,LORETO,SAN PABLO,4090.9374389648438,4090.9374389648438,00000124,666.9,926.2,11.115,True,False
CP013991,LORETO,TROMPETEROS,2430.689353942871,2430.689353942871,00000105,0.0,0.0,0.0,True,True
CP014003,LORETO,SAN JUAN BAUTISTA,4890.084092140198,4890.084092140198,00031682,402.7,559.3,6.711666666666667,True,False
CP014004,LORETO,IQUITOS,6023.231822013855,6023.231822013855,00038409,185.6,257.7,3.0933333333333333,True,False
CP014082,LORETO,INDIANA,8374.078323364258,8374.078323364258,00000054,0.0,0.0,0.0,True,True
CP014104,LORETO,LAS AMAZONAS,2802.2052001953125,2802.2052001953125,00000054,0.0,0.0,0.0,True,True
CP014130,LORETO,LAS AMAZONAS,4699.428894042969,4699.428894042969,00000054,0.0,0.0,0.0,True,True
CP014151,LORETO,MAZAN,0.0,0.0,00000054,0.0,0.0,0.0,True,True
CP014214,LORETO,MAZAN,2101.5507202148438,2101.5507202148438,00000054,0.0,0.0,0.0,True,True
CP014215,LORETO,MAZAN,7390.514541625977,7390.514541625977,00000054,0.0,0.0,0.0,True,True
CP014231,LORETO,MORONA,16243.404479980469,16243.404479980469,00011691,0.0,0.0,0.0,True,True
CP014272,LORETO,TIGRE,1138.752239227295,1138.752239227295,00000101,0.0,0.0,0.0,True,True
CP014292,LORETO,PEBAS,3119.2039070129395,3119.2039070129395,00000063,210.3,292.3,3.5050000000000003,True,False
CP014312,LORETO,PEBAS,0.0,0.0,00025332,0.0,0.0,0.0,True,True
CP014352,LORETO,MAZAN,3036.0537719726562,3036.0537719726562,00000054,0.0,0.0,0.0,True,True
CP014421,LORETO,ANDOAS,254.28570175170898,254.28570175170898,00000106,0.0,0.0,0.0,True,True
CP014422,LORETO,ANDOAS,2054.199821472168,2054.199821472168,00000106,0.0,0.0,0.0,True,True
CP014423,LORETO,ANDOAS,0.0,0.0,00000307,0.0,0.0,0.0,True,True
CP014426,LORETO,ANDOAS,0.0,0.0,00000307,0.0,0.0,0.0,True,True
CP014448,LORETO,TROMPETEROS,279.7003917694092,279.7003917694092,00000106,0.0,0.0,0.0,True,True
CP014473,LORETO,TROMPETEROS,8472.429016113281,8472.429016113281,00000106,0.0,0.0,0.0,True,True
CP014475,LORETO,ANDOAS,2296.325870513916,2296.325870513916,00000106,0.0,0.0,0.0,True,True
CP014498,LORETO,NAPO,10255.095611572266,10255.095611572266,00000069,0.0,0.0,0.0,True,True
CP014535,LORETO,PUTUMAYO,1792.1728191375732,1792.1728191375732,00000077,0.0,0.0,0.0,True,True
CP014675,LORETO,TORRES CAUSANA,525.3459091186523,525.3459091186523,00000070,0.0,0.0,0.0,True,True
CP015067,LORETO,URARINAS,14900.652587890625,14900.652587890625,00018148,0.0,0.0,0.0,True,True
CP015123,LORETO,NAUTA,3747.480926513672,3747.480926513672,00000096,2262.7,3142.4,37.711666666666666,True,False
CP015263,LORETO,SAN JUAN BAUTISTA,4258.786926269531,4258.786926269531,00025268,846.4,1175.3,14.106666666666666,True,False
CP015285,LORETO,SAN JUAN BAUTISTA,15019.65396118164,15019.65396118164,00006794,1055.1,1465.4,17.584999999999997,True,False
CP015288,LORETO,SAN JUAN BAUTISTA,23533.01806640625,23533.01806640625,00006794,247.8,344.3,4.13,True,False
