cod_ipress,nombre,categoria,institucion,departamento,provincia,distrito,lon,lat
00003562,CENTRO DE SALUD VISTA ALEGRE,I-3,GOBIERNO REGIONAL,AYACUCHO,HUAMANGA,CARMEN ALTO,-74.21998482,-13.18206138
00003576,CENTRO DE SALUD LOS LICENCIADOS,I-4,GOBIERNO REGIONAL,AYACUCHO,HUAMANGA,AYACUCHO,-74.23119727,-13.14320269
00003710,CENTRO DE SALUD ANDAMARCA,I-4,GOBIERNO REGIONAL,AYACUCHO,LUCANAS,CARMEN SALCEDO,-73.96078894,-14.38447221
00003590,CENTRO DE SALUD PUTACCA,I-3,GOBIERNO REGIONAL,AYACUCHO,HUAMANGA,VINCHOS,-74.34842567,-13.40421947
00003595,CENTRO DE SALUD QUINUA,I-3,GOBIERNO REGIONAL,AYACUCHO,HUAMANGA,QUINUA,-74.140475,-13.04955333
00003551,CENTRO DE SALUD ACOSVINCHOS,I-3,GOBIERNO REGIONAL,AYACUCHO,HUAMANGA,ACOS VINCHOS,-74.10176258,-13.11269391
00003554,CENTRO DE SALUD BELEN,I-3,GOBIERNO REGIONAL,AYACUCHO,HUAMANGA,AYACUCHO,-74.23385457,-13.16312329
00003560,CENTRO DE SALUD CARMEN ALTO,I-3,GOBIERNO REGIONAL,AYACUCHO,HUAMANGA,CARMEN ALTO,-74.22515157,-13.17670264
00003602,CENTRO DE SALUD SANTA ELENA,I-3,GOBIERNO REGIONAL,AYACUCHO,HUAMANGA,ANDRES AVELINO CACERES D.,-74.19763385,-13.16909444
00003577,CENTRO DE SALUD OCROS,I-3,GOBIERNO REGIONAL,AYACUCHO,HUAMANGA,OCROS,-73.9163231,-13.39248277
00003584,CENTRO DE SALUD PARAS,I-3,GOBIERNO REGIONAL,AYACUCHO,CANGALLO,PARAS,-74.62996242,-13.55134684
00011369,POLICLINICO POLICIAL IQUITOS,I-3,SANIDAD DE LA POLICIA NACIONAL DEL PERU,LORETO,MAYNAS,SAN JUAN BAUTISTA,-73.27792337,-3.76917381
00011292,CENTRO MEDICO REATEGUI E.I.R.L.,I-3,PRIVADO,LORETO,MAYNAS,IQUITOS,-73.2498801,-3.7384011
00011386,CAP II SAN JUAN BAUTISTA,I-3,ESSALUD,LORETO,MAYNAS,SAN JUAN BAUTISTA,-73.28640444,-3.77457243
00011403,CENTRO DE ATENCION PRIMARIA II NAUTA,I-3,ESSALUD,LORETO,LORETO,NAUTA,-73.5842244,-4.5062377
00011405,CAP II REQUENA,I-3,ESSALUD,LORETO,REQUENA,REQUENA,-73.85676392,-5.0624105
00029011,INKAMAY SALUD CHICLAYO,I-3,PRIVADO,LAMBAYEQUE,CHICLAYO,CHICLAYO,-79.8536317,-6.7692605
00000161,CENTRO DE SALUD I-4 JUANCITO DE SARAYACU,I-4,GOBIERNO REGIONAL,LORETO,UCAYALI,SARAYACU,-74.85340813,-6.03194009
00000007,"I-4 CENTRO DE SALUD MORONA COCHA ""JORGE AREVALO MELHO""",I-4,GOBIERNO REGIONAL,LORETO,MAYNAS,IQUITOS,-73.35446,-3.75344
00000016,BELLAVISTA NANAY,I-4,GOBIERNO REGIONAL,LORETO,MAYNAS,PUNCHANA,-73.3468,-3.4753
00000024,CARDOZO,I-3,GOBIERNO REGIONAL,LORETO,MAYNAS,BELEN,-73.27373847,-3.77469658
00000029,C.S. I-3 SANTA CLARA DE NANAY,I-3,GOBIERNO REGIONAL,LORETO,MAYNAS,SAN JUAN BAUTISTA,-73.33914568,-3.78567154
00023301,ASOCIACIÓN CIVIL SELVA AMAZÓNICA,I-4,PRIVADO,LORETO,MAYNAS,IQUITOS,-73.2531966,-3.7536898
00000051,6 DE OCTUBRE,I-3,GOBIERNO REGIONAL,LORETO,MAYNAS,BELEN,-73.24459961,-3.76457022
00000176,CENTRO DE SALUD I-3 PAMPA HERMOZA DE PAMPA HERMOZA,I-3,GOBIERNO REGIONAL,LORETO,UCAYALI,PAMPA HERMOSA,-75.29771701,-7.2016648
00000182,CENTRO DE ALUD I-3 TIERRA BLANCA,I-3,GOBIERNO REGIONAL,LORETO,UCAYALI,SARAYACU,-75.17958948,-6.54976828
00000187,C.S. I-4 BALSAPUERTO,I-4,GOBIERNO REGIONAL,LORETO,ALTO AMAZONAS,BALSAPUERTO,-76.55968496,-5.8348331
00000193,C.S. I-4 LAGUNAS,I-4,GOBIERNO REGIONAL,LORETO,ALTO AMAZONAS,LAGUNAS,-75.67552385,-5.22445921
00000202,C.S. I-3 SANTA CRUZ,I-3,GOBIERNO REGIONAL,LORETO,ALTO AMAZONAS,SANTA CRUZ,-75.8606824,-5.51222726
00000209,C.S. I-3 SHUCUSHYACU,I-3,GOBIERNO REGIONAL,LORETO,ALTO AMAZONAS,TENIENTE CESAR LOPEZ ROJAS,-75.87608065,-6.01626018
00000212,C.S. I-4 PAMPA HERMOZA DE YURIMAGUAS,I-4,GOBIERNO REGIONAL,LORETO,ALTO AMAZONAS,YURIMAGUAS,-76.26957,-6.10275
00004380,CENTRO DE SALUD MOCHUMI,I-3,GOBIERNO REGIONAL,LAMBAYEQUE,LAMBAYEQUE,MOCHUMI,-79.86395333,-6.54940333
00000222,C.S. I-3 MUNICHIS DE YURIMAGUAS,I-3,GOBIERNO REGIONAL,LORETO,ALTO AMAZONAS,YURIMAGUAS,-76.2308,-5.8925
00000224,C.S. I-3 LOMA,I-3,GOBIERNO REGIONAL,LORETO,ALTO AMAZONAS,YURIMAGUAS,-75.90825,-5.69345
00000228,C.S. I-3 CARRETERA KM 1.5,I-3,GOBIERNO REGIONAL,LORETO,ALTO AMAZONAS,YURIMAGUAS,-75.8678,-5.70154
00000246,C.S. I-3 SARAMIRIZA,I-3,GOBIERNO REGIONAL,LORETO,DATEM DEL MARAÑON,MANSERICHE,-77.42026667,-4.56787667
00000053,ANGAMOS,I-3,GOBIERNO REGIONAL,LORETO,REQUENA,YAQUERANA,-72.87507715,-5.14818528
00000054,ACLAS I-3 INDIANA,I-3,GOBIERNO REGIONAL,LORETO,MAYNAS,INDIANA,-73.03855748,-3.49955556
00015880,CENTRO MEDICO BIO CENTER MEDIC SAC,I-3,PRIVADO,LORETO,MAYNAS,PUNCHANA,-73.24748926,-3.72675781
00000077,C.S. I-3 EL ESTRECHO,I-3,GOBIERNO REGIONAL,LORETO,PUTUMAYO,PUTUMAYO,-72.67166532,-2.44966707
00000101,CENTRO DE SALUD I-3 INTUTO,I-3,GOBIERNO REGIONAL,LORETO,LORETO,TIGRE,-74.7814393,-3.4891384
00000105,CENTRO DE SALUD I-4 VILLA TROMPETEROS,I-4,GOBIERNO REGIONAL,LORETO,LORETO,TROMPETEROS,-75.060695,-3.806327
00000109,MAYPUCO,I-3,GOBIERNO REGIONAL,LORETO,LORETO,URARINAS,-75.12029996,-4.82842962
00000111,CENTRO DE SALUD I-3 CONCORDIA,I-3,GOBIERNO REGIONAL,LORETO,LORETO,URARINAS,-74.76706889,-4.58626715
00000125,C.S. I-3 ISLANDIA DEL YAVARI,I-3,GOBIERNO REGIONAL,LORETO,MARISCAL RAMON CASTILLA,YAVARI,-70.04295178,-4.35246203
00000136,CENTRO DE SALUD I-3 GENARO HERRERA,I-3,GOBIERNO REGIONAL,LORETO,REQUENA,JENARO HERRERA,-73.66463391,-4.90499422
00029394,CENTRO DE SALUD MENTAL COMUNITARIO SAN JUAN BAUTISTA,I-3,GOBIERNO REGIONAL,AYACUCHO,HUAMANGA,SAN JUAN BAUTISTA,-74.20403494,-13.1736479
00000150,C.S. I-4 REQUENA,I-4,GOBIERNO REGIONAL,LORETO,REQUENA,REQUENA,-73.8569342,-5.06288155
00003512,CENTRO DE SALUD SARHUA,I-3,GOBIERNO REGIONAL,AYACUCHO,VICTOR FAJARDO,SARHUA,-74.31716667,-13.673445
00003513,CENTRO DE SALUD CHAVIÑA,I-3,GOBIERNO REGIONAL,AYACUCHO,LUCANAS,CHAVIÑA,-73.83839833,-14.97854833
00003519,CENTRO DE SALUD CHUMPI,I-3,GOBIERNO REGIONAL,AYACUCHO,PARINACOCHAS,CHUMPI,-73.75183833,-15.096105
00003524,CENTRO DE SALUD INCUYO,I-3,GOBIERNO REGIONAL,AYACUCHO,PARINACOCHAS,PUYUSCA,-73.569465,-15.25028667
00003530,CENTRO DE SALUD PACAPAUSA,I-3,GOBIERNO REGIONAL,AYACUCHO,PARINACOCHAS,PACAPAUSA,-73.36755333,-14.95035667
00003535,CENTRO DE SALUD PULLO,I-3,GOBIERNO REGIONAL,AYACUCHO,PARINACOCHAS,PULLO,-73.82467536,-15.21165544
00003606,CENTRO DE SALUD SIMPAPATA,I-3,GOBIERNO REGIONAL,AYACUCHO,HUAMANGA,AYACUCHO,-74.26204046,-13.07696536
00003610,PUESTO DE SALUD MUYURINA,I-3,GOBIERNO REGIONAL,AYACUCHO,HUAMANGA,TAMBILLO,-74.19321806,-13.11385346
00003502,CENTRO DE SALUD CHUSCHI,I-3,GOBIERNO REGIONAL,AYACUCHO,CANGALLO,CHUSCHI,-74.352335,-13.58505
00003509,CENTRO DE SALUD POMABAMBA,I-3,GOBIERNO REGIONAL,AYACUCHO,CANGALLO,MARIA PARADO DE BELLIDO,-74.23516833,-13.60395333
00011426,POLICLINICO POLICIAL DE AYACUCHO,I-3,SANIDAD DE LA POLICIA NACIONAL DEL PERU,AYACUCHO,HUAMANGA,AYACUCHO,-74.22945923,-13.16803526
00011777,HOGAR CLINICA SAN JUAN DE DIOS - IQUITOS,I-3,PRIVADO,LORETO,MAYNAS,SAN JUAN BAUTISTA,-73.3117796,-3.8034258
00012350,POLICLINICO SANTA MARIA MAGDALENA,I-3,PRIVADO,AYACUCHO,HUAMANGA,AYACUCHO,-74.22766665,-13.15811353
00011446,HUANTA,I-3,ESSALUD,AYACUCHO,HUANTA,HUANTA,-74.24044,-12.93887256
00012075,SARLOR,I-3,PRIVADO,LORETO,MAYNAS,IQUITOS,-73.24701277,-3.74998314
00011841,CENTRO MEDICO CAYALTI,I-3,ESSALUD,LAMBAYEQUE,CHICLAYO,CAYALTI,-79.5609333,-6.8908061
00030390,CENTRO MEDICO BICENTENARIO,I-3,PRIVADO,LAMBAYEQUE,CHICLAYO,CHICLAYO,-79.8319454,-6.775013
00000258,I-4 NUEVO ANDOAS,I-4,GOBIERNO REGIONAL,LORETO,DATEM DEL MARAÑON,ANDOAS,-76.46119667,-2.80377333
00000275,ACLAS BELEN DE VILLA BELEN,I-3,GOBIERNO REGIONAL,LORETO,MAYNAS,BELEN,-73.24462,-3.76456
00003764,CENTRO DE SALUD SANTA ROSA,I-4,GOBIERNO REGIONAL,AYACUCHO,LA MAR,SANTA ROSA,-73.73554,-12.68577833
00003818,CENTRO DE SALUD SORAS,I-3,GOBIERNO REGIONAL,AYACUCHO,SUCRE,SORAS,-73.60478333,-14.11425167
00003720,CENTRO DE SALUD LUCANAS,I-3,GOBIERNO REGIONAL,AYACUCHO,LUCANAS,LUCANAS,-74.23362167,-14.62238833
00003623,CENTRO DE SALUD TOTOS,I-3,GOBIERNO REGIONAL,AYACUCHO,CANGALLO,TOTOS,-74.52218799,-13.57046543
00029464,CENTRO DE ATENCIÓN MEDICA ESPECIALIZADA CARDIO VIDA E.I.R.L,I-3,PRIVADO,LORETO,MAYNAS,IQUITOS,-73.25087622,-3.74843228
00003676,CENTRO DE SALUD VIRACOCHAN,I-3,GOBIERNO REGIONAL,AYACUCHO,HUANTA,AYAHUANCO,-74.33137806,-12.59448371
00003677,CENTRO DE SALUD HUAC-HUAS,I-3,GOBIERNO REGIONAL,AYACUCHO,LUCANAS,HUAC-HUAS,-74.94459167,-14.130955
00004322,JOSE QUIÑONES GONZALES,I-3,GOBIERNO REGIONAL,LAMBAYEQUE,CHICLAYO,CHICLAYO,-79.86761375,-6.77126101
00004325,VICTOR ENRIQUE TIRADO BONILLA-CHONGOYAPE,I-3,GOBIERNO REGIONAL,LAMBAYEQUE,CHICLAYO,CHONGOYAPE,-79.38460167,-6.64272667
00004366,OYOTUN,I-3,GOBIERNO REGIONAL,LAMBAYEQUE,CHICLAYO,OYOTUN,-79.30032517,-6.84628516
00004372,CENTRO DE SALUD SAN MARTIN-LAMBAYEQUE,I-3,GOBIERNO REGIONAL,LAMBAYEQUE,LAMBAYEQUE,LAMBAYEQUE,-79.91441167,-6.70073667
00003775,CENTRO DE SALUD TRIBOLINE,I-3,GOBIERNO REGIONAL,AYACUCHO,HUANTA,SIVIA,-73.85807333,-12.57937167
00003824,CENTRO DE SALUD CANARIA,I-3,GOBIERNO REGIONAL,AYACUCHO,VICTOR FAJARDO,CANARIA,-73.90488464,-13.92633944
00004326,PAMPA GRANDE,I-3,GOBIERNO REGIONAL,LAMBAYEQUE,CHICLAYO,CHONGOYAPE,-79.48157833,-6.75191667
00004327,LA VICTORIA SECTOR I,I-3,GOBIERNO REGIONAL,LAMBAYEQUE,CHICLAYO,LA VICTORIA,-79.84484,-6.79329667
00004329,EL BOSQUE,I-3,GOBIERNO REGIONAL,LAMBAYEQUE,CHICLAYO,LA VICTORIA,-79.83654026,-6.80196608
00004330,CHOSICA DEL NORTE,I-3,GOBIERNO REGIONAL,LAMBAYEQUE,CHICLAYO,LA VICTORIA,-79.83045984,-6.83884948
00004333,PAUL HARRIS,I-3,GOBIERNO REGIONAL,LAMBAYEQUE,CHICLAYO,JOSE LEONARDO ORTIZ,-79.85149833,-6.75076
00003779,CENTRO DE SALUD CHILCAS,I-3,GOBIERNO REGIONAL,AYACUCHO,LA MAR,CHILCAS,-73.906365,-13.16932833
00003783,CENTRO DE SALUD CHUNGUI,I-3,GOBIERNO REGIONAL,AYACUCHO,LA MAR,CHUNGUI,-73.586955,-13.21108167
00003829,CENTRO DE SALUD HUALLA,I-3,GOBIERNO REGIONAL,AYACUCHO,VICTOR FAJARDO,HUALLA,-73.94814574,-13.85129169
00003735,CENTRO DE SALUD SAN PEDRO,I-3,GOBIERNO REGIONAL,AYACUCHO,LUCANAS,SAN PEDRO,-74.09737486,-14.76788808
00003711,CENTRO DE SALUD CHIPAO,I-3,GOBIERNO REGIONAL,AYACUCHO,LUCANAS,CHIPAO,-73.87971317,-14.36545293
00004338,PIMENTEL,I-3,GOBIERNO REGIONAL,LAMBAYEQUE,CHICLAYO,PIMENTEL,-79.93153904,-6.83332974
00004407,CENTRO DE SALUD OLMOS,I-4,GOBIERNO REGIONAL,LAMBAYEQUE,LAMBAYEQUE,OLMOS,-79.74613667,-5.991845
00003834,CENTRO DE SALUD HUANCAPI,I-4,GOBIERNO REGIONAL,AYACUCHO,VICTOR FAJARDO,HUANCAPI,-74.06702115,-13.74943557
00003740,CENTRO DE SALUD SANTA FILOMENA,I-3,GOBIERNO REGIONAL,AYACUCHO,LUCANAS,SANCOS,-74.27192,-15.35735
00003795,CENTRO DE SALUD PATIBAMBA,I-3,GOBIERNO REGIONAL,AYACUCHO,LA MAR,PATIBAMBA,-73.94266,-13.06241667
00003745,CENTRO DE SALUD LLOCHEGUA,I-4,GOBIERNO REGIONAL,AYACUCHO,HUANTA,LLOCHEGUA,-73.90994667,-12.41615833
00004349,MONSEFU,I-3,GOBIERNO REGIONAL,LAMBAYEQUE,CHICLAYO,MONSEFU,-79.87104333,-6.87306333
00003689,CENTRO DE SALUD OTOCA,I-3,GOBIERNO REGIONAL,AYACUCHO,LUCANAS,OTOCA,-74.68622833,-14.488695
00003694,SAN SEBASTIAN DE SACRACA,I-3,GOBIERNO REGIONAL,AYACUCHO,PAUCAR DEL SARA SARA,LAMPA,-73.34353333,-15.21150333
00003696,CENTRO DE SALUD MARCABAMBA,I-3,GOBIERNO REGIONAL,AYACUCHO,PAUCAR DEL SARA SARA,MARCABAMBA,-73.34065833,-15.14891167
00004386,CENTRO DE SALUD SALAS,I-3,GOBIERNO REGIONAL,LAMBAYEQUE,LAMBAYEQUE,SALAS,-79.60864167,-6.27498667
00004353,CIUDAD ETEN,I-3,GOBIERNO REGIONAL,LAMBAYEQUE,CHICLAYO,ETEN,-79.859655,-6.90803667
00004356,ZAÑA,I-3,GOBIERNO REGIONAL,LAMBAYEQUE,CHICLAYO,SAÑA,-79.586035,-6.92203667
00003797,CENTRO DE SALUD TAMBO,I-4,GOBIERNO REGIONAL,AYACUCHO,LA MAR,TAMBO,-74.0176,-12.94195
00003650,CENTRO DE SALUD HUAMANGUILLA,I-3,GOBIERNO REGIONAL,AYACUCHO,HUANTA,HUAMANGUILLA,-74.17549167,-13.01059167
00003847,CENTRO DE SALUD VILCASHUAMAN,I-4,GOBIERNO REGIONAL,AYACUCHO,VILCAS HUAMAN,VILCAS HUAMAN,-73.95321237,-13.65732406
00004395,CENTRO DE SALUD MOTUPE,I-3,GOBIERNO REGIONAL,LAMBAYEQUE,LAMBAYEQUE,MOTUPE,-79.71745167,-6.14997333
00004397,KAÑARIS,I-3,GOBIERNO REGIONAL,LAMBAYEQUE,FERREÑAFE,CAÑARIS,-79.26527205,-6.04664185
00003749,CENTRO DE SALUD PALMAPAMPA,I-4,GOBIERNO REGIONAL,AYACUCHO,LA MAR,SAMUGARI,-73.653605,-12.76789
00003755,CENTRO DE SALUD MACHENTE,I-3,GOBIERNO REGIONAL,AYACUCHO,LA MAR,AYNA,-73.88582,-12.71974833
00003758,CENTRO DE SALUD ANCHIHUAY,I-3,GOBIERNO REGIONAL,AYACUCHO,LA MAR,ANCHIHUAY,-73.57847833,-12.86312333
00004373,TORIBIA CASTRO CHIRINOS,I-4,GOBIERNO REGIONAL,LAMBAYEQUE,LAMBAYEQUE,LAMBAYEQUE,-79.90944934,-6.69581039
00003663,CENTRO DE SALUD LURICOCHA,I-3,GOBIERNO REGIONAL,AYACUCHO,HUANTA,LURICOCHA,-74.272135,-12.90005333
00004384,CENTRO DE SALUD PACORA,I-3,GOBIERNO REGIONAL,LAMBAYEQUE,LAMBAYEQUE,PACORA,-79.83813167,-6.42935667
00003808,CENTRO DE SALUD QUEROBAMBA,I-4,GOBIERNO REGIONAL,AYACUCHO,SUCRE,QUEROBAMBA,-73.84390667,-14.00814
00003667,CENTRO DE SALUD SAN JOSE DE SECCE,I-4,GOBIERNO REGIONAL,AYACUCHO,HUANTA,SANTILLANA,-74.25808167,-12.76943
00004319,SAN ANTONIO,I-3,GOBIERNO REGIONAL,LAMBAYEQUE,CHICLAYO,CHICLAYO,-79.82880764,-6.76611513
00004320,JORGE CHAVEZ,I-3,GOBIERNO REGIONAL,LAMBAYEQUE,CHICLAYO,CHICLAYO,-79.82111428,-6.76485798
00003713,CENTRO DE SALUD AUCARA,I-3,GOBIERNO REGIONAL,AYACUCHO,LUCANAS,AUCARA,-73.97769502,-14.27504029
00003762,CENTRO DE SALUD SAN MARTIN,I-3,GOBIERNO REGIONAL,AYACUCHO,LA MAR,UNIÓN PROGRESO,-73.52855833,-12.93735833
00029507,MEDIC SALUD,I-3,PRIVADO,LAMBAYEQUE,CHICLAYO,CHICLAYO,-79.8429794,-6.782435
00008836,POLICLINICO CHICLAYO OESTE,I-3,ESSALUD,LAMBAYEQUE,CHICLAYO,CHICLAYO,-79.862752,-6.771262
00007459,I-3 PUCACURO DE TROMPETERO,I-3,GOBIERNO REGIONAL,LORETO,LORETO,TROMPETEROS,-75.42941,-3.44947
00007325,C.S. I-3 LA NATIVIDAD,I-3,GOBIERNO REGIONAL,LORETO,ALTO AMAZONAS,YURIMAGUAS,-76.109631,-5.8946
00008833,CAP III CARLOS CASTAÑEDA IPARRAGUIRRE,I-3,ESSALUD,LAMBAYEQUE,CHICLAYO,LA VICTORIA,-79.8421153,-6.798765
00008838,"CENTRO MEDICO ""JUAN AITA VALLE"" ETEN",I-3,ESSALUD,LAMBAYEQUE,CHICLAYO,ETEN,-79.8785784,-6.782961
00010843,CENTRO MEDICO ESSALUD CONTAMANA,I-3,ESSALUD,LORETO,UCAYALI,CONTAMANA,-75.008606,-7.3512027
00029419,COORPORACION LAMBAYEQUE S.A.C.,I-3,PRIVADO,LAMBAYEQUE,CHICLAYO,CHICLAYO,-79.8593109,-6.7697118
00029153,POLICLINICO SAN CRISTOBAL S.A.C.,I-3,PRIVADO,AYACUCHO,HUAMANGA,AYACUCHO,-74.22610952,-13.16407741
00006683,CENTRO DE SALUD EL PUENTE,I-3,GOBIERNO REGIONAL,LAMBAYEQUE,LAMBAYEQUE,OLMOS,-79.885605,-5.88427667
00006609,CENTRO DE SALUD VISCHONGO,I-3,GOBIERNO REGIONAL,AYACUCHO,VILCAS HUAMAN,VISCHONGO,-73.99749123,-13.58842682
00006722,CAYALTI,I-3,GOBIERNO REGIONAL,LAMBAYEQUE,CHICLAYO,CAYALTI,-79.55772833,-6.88881333
00004439,CLAS PICSI,I-3,GOBIERNO REGIONAL,LAMBAYEQUE,CHICLAYO,PICSI,-79.770925,-6.71801167
00004443,MESONES MURO,I-3,GOBIERNO REGIONAL,LAMBAYEQUE,FERREÑAFE,MANUEL ANTONIO MESONES MURO,-79.73878664,-6.64546638
00029702,POLICLINICO PALLANCATA,I-3,PRIVADO,AYACUCHO,PARINACOCHAS,CORONEL CASTAÑEDA,-73.1797941,-14.7404958
00004455,INKAWASI,I-3,GOBIERNO REGIONAL,LAMBAYEQUE,FERREÑAFE,INCAHUASI,-79.31693995,-6.23609338
00000135,CENTRO DE SALUD I-3 TAMANCO VIEJO,I-3,GOBIERNO REGIONAL,LORETO,REQUENA,EMILIO SAN MARTIN,-74.28282515,-5.79426761
00030382,CENTRO MEDICO DEL PACIFICO,I-3,PRIVADO,LAMBAYEQUE,CHICLAYO,CHICLAYO,-79.8595856,-6.7824295
00004429,CENTRO DE SALUD CRUZ DEL MEDANO,I-3,GOBIERNO REGIONAL,LAMBAYEQUE,LAMBAYEQUE,MORROPE,-79.96234735,-6.51310639
00000098,SANTA RITA DE CASTILLA,I-3,GOBIERNO REGIONAL,LORETO,LORETO,PARINARI,-74.38039053,-4.59061924
00004328,LA VICTORIA SECTOR II - MARIA JESUS,I-3,GOBIERNO REGIONAL,LAMBAYEQUE,CHICLAYO,LA VICTORIA,-79.83250767,-6.79466548
00007326,C.S. I-3 INDEPENDENCIA,I-3,GOBIERNO REGIONAL,LORETO,ALTO AMAZONAS,YURIMAGUAS,-76.16771099,-6.01699985
00011397,CENTRO DE ATENCION PRIMARIA III PUNCHANA,I-3,ESSALUD,LORETO,MAYNAS,PUNCHANA,-73.2473552,-3.7312248
00025003,RAMSA SALUD S.A.C.,I-3,PRIVADO,LORETO,MAYNAS,IQUITOS,-73.2461175,-3.7540686
00003546,CENTRO DE SALUD CHONTACA,I-3,GOBIERNO REGIONAL,AYACUCHO,HUAMANGA,ACOCRO,-74.04071852,-13.28459329
00013682,SALUS LABORIS,I-3,PRIVADO,LAMBAYEQUE,CHICLAYO,CHICLAYO,-79.8442978,-6.7765974
00028729,CENTRO MEDICO BREVETES MEDIC S.A.C.,I-3,PRIVADO,AYACUCHO,HUAMANGA,JESUS NAZARENO,-74.21794987,-13.1560395
00020940,"POLICLINICO ""JESUS DE NAZARETH""",I-3,PRIVADO,AYACUCHO,LUCANAS,PUQUIO,-74.12554241,-14.69296078
00021244,CLINICA VIRGEN DE LAS NIEVES S.R.L,I-3,PRIVADO,LORETO,ALTO AMAZONAS,YURIMAGUAS,-76.1067627,-5.8966767
00017154,CENTRO MEDICO SAN CRISTOBAL,I-3,PRIVADO,AYACUCHO,LA MAR,AYNA,-73.8077817,-12.6182896
00011556,CENTRO DE ATENCION PRIMARIA II CABALLOCOCHA,I-3,ESSALUD,LORETO,MARISCAL RAMON CASTILLA,RAMON CASTILLA,-70.51701259,-3.90854887
00025885,Centro Médico SIPAN,I-3,PRIVADO,LAMBAYEQUE,CHICLAYO,CHICLAYO,-79.87733466,-6.78331585
00004321,"""VERONICA STACK DE TOMIS"" - TUPAC AMARU",I-3,GOBIERNO REGIONAL,LAMBAYEQUE,CHICLAYO,CHICLAYO,-79.85404,-6.76699167
00018246,BENEDICTO XVI SERVICIOS MÉDICOS IQUITOS E.I.RL,I-3,PRIVADO,LORETO,MAYNAS,IQUITOS,-73.2516326,-3.73868452
00023508,POLICLINICO VIRGEN DE ALTA GRACIA,I-3,PRIVADO,LAMBAYEQUE,CHICLAYO,CHICLAYO,-79.8506584,-6.7871531
00023319,SOLUCIONES MEDICAS DEL NORTE SAC.,I-3,PRIVADO,LAMBAYEQUE,CHICLAYO,CHICLAYO,-79.8483142,-6.7738632
00004331,JOSE LEONARDO ORTIZ,I-3,GOBIERNO REGIONAL,LAMBAYEQUE,CHICLAYO,JOSE LEONARDO ORTIZ,-79.83792188,-6.75247115
00023601,CEINSAA,I-3,PRIVADO,LORETO,MAYNAS,PUNCHANA,-73.24358076,-3.73143848
00004409,INSCULAS,I-3,GOBIERNO REGIONAL,LAMBAYEQUE,LAMBAYEQUE,OLMOS,-79.861705,-5.75410667
00004318,JOSE OLAYA,I-3,GOBIERNO REGIONAL,LAMBAYEQUE,CHICLAYO,CHICLAYO,-79.85336833,-6.77050833
00000235,C.S. I-4 SAN LORENZO,I-4,GOBIERNO REGIONAL,LORETO,DATEM DEL MARAÑON,BARRANCA,-76.56119833,-4.82733167
00004420,CENTRO DE SALUD MORROPE,I-3,GOBIERNO REGIONAL,LAMBAYEQUE,LAMBAYEQUE,MORROPE,-80.01592967,-6.54098441
00003794,CENTRO DE SALUD NINABAMBA,I-3,GOBIERNO REGIONAL,AYACUCHO,LA MAR,NINABAMBA,-73.91547333,-13.08945833
00000171,CENTRO DE SALUD I-3 TIRUNTAN,I-3,GOBIERNO REGIONAL,LORETO,UCAYALI,PADRE MARQUEZ,-74.84089759,-7.94643339
00000063,YANASHI,I-3,GOBIERNO REGIONAL,LORETO,MAYNAS,LAS AMAZONAS,-72.25568419,-3.58767345
00029354,"CENTRO DE SALUD MILITAR DE LA SEGUNDA BRIGADA DE INFANTERIA ""WARI""",I-3,SANIDAD DEL EJERCITO DEL PERU,AYACUCHO,HUAMANGA,ANDRES AVELINO CACERES D.,-74.2235641,-13.1638737
00003630,CENTRO DE SALUD VINCHOS,I-4,GOBIERNO REGIONAL,AYACUCHO,HUAMANGA,VINCHOS,-74.35620052,-13.24407887
00004332,PEDRO PABLO ATUSPARIAS,I-3,GOBIERNO REGIONAL,LAMBAYEQUE,CHICLAYO,JOSE LEONARDO ORTIZ,-79.8272092,-6.75740074
00004417,CENTRO DE SALUD COLAYA,I-3,GOBIERNO REGIONAL,LAMBAYEQUE,LAMBAYEQUE,SALAS,-79.50655055,-6.08278065
00000026,PROGRESO DE SAN JUAN BAUTISTA,I-3,GOBIERNO REGIONAL,LORETO,MAYNAS,SAN JUAN BAUTISTA,-73.287,-3.774418
00023761,SANTO DOMINGO ESPECIALIDADES MEDICAS,I-3,PRIVADO,AYACUCHO,HUAMANGA,AYACUCHO,-74.2235641,-13.1638737
00003639,CENTRO DE SALUD HUANCASANCOS,I-4,GOBIERNO REGIONAL,AYACUCHO,HUANCA SANCOS,SANCOS,-74.33578849,-13.92375464
00006839,CENTRO DE SALUD SAN MARCOS,I-3,GOBIERNO REGIONAL,AYACUCHO,PARINACOCHAS,CORACORA,-73.783145,-15.02192
00000137,CENTRO DE SALUD I-3 SAN ROQUE DE MAQUIA,I-3,GOBIERNO REGIONAL,LORETO,REQUENA,MAQUIA,-74.59743523,-5.83218091
00023792,clinica odonto stetic E.I.R.L,I-3,PRIVADO,LORETO,MAYNAS,IQUITOS,-73.25176671,-3.75561322
00021249,"CENTRO MEDICO PEDIATRICO ""SANIKIDS"" S.A.C.",I-3,PRIVADO,LAMBAYEQUE,CHICLAYO,CHICLAYO,-79.8409918,-6.7762975
00023790,CENTRO MEDICO DE ESPECIALIDADES PEDIATRICAS - CUNINA,I-3,PRIVADO,AYACUCHO,HUAMANGA,AYACUCHO,-74.22765277,-13.15423082
00010605,HOSPITAL REGIONAL DEL ORIENTE - FAP,I-4,SANIDAD DE LA FUERZA AEREA DEL PERU,LORETO,MAYNAS,IQUITOS,-73.2516326,-3.7436735
00000123,SAN PABLO,I-3,GOBIERNO REGIONAL,LORETO,MARISCAL RAMON CASTILLA,SAN PABLO,-71.10453333,-4.01976667
00003507,CENTRO DE SALUD PAMPA CANGALLO,I-4,GOBIERNO REGIONAL,AYACUCHO,CANGALLO,LOS MOROCHUCOS,-74.197615,-13.55955833
00023940,POLICLINICO ESPECIALIZADO LUZ Y VIDA,I-3,PRIVADO,AYACUCHO,HUAMANGA,AYACUCHO,-74.2235641,-13.1638737
00003725,CENTRO DE SALUD SAN CRISTOBAL,I-3,GOBIERNO REGIONAL,AYACUCHO,LUCANAS,SAN CRISTOBAL,-74.22242333,-14.74137
00024415,CERDENT,I-3,PRIVADO,LORETO,MAYNAS,IQUITOS,-73.2459262,-3.74857145
00004452,C.S.PUEBLO NUEVO,I-3,GOBIERNO REGIONAL,LAMBAYEQUE,FERREÑAFE,PUEBLO NUEVO,-79.79539264,-6.64023536
00000146,CENTRO DE SALUD I-3 BRETAÑA,I-3,GOBIERNO REGIONAL,LORETO,REQUENA,PUINAHUA,-74.34552947,-5.25607497
00018320,CENTRO MEDICO DELGADO,I-3,PRIVADO,LAMBAYEQUE,CHICLAYO,CHICLAYO,-79.8491954,-6.78368661
00017282,ESTABLECIMIENTO PENAL PICSI - CHICLAYO,I-3,INPE,LAMBAYEQUE,CHICLAYO,CHICLAYO,-79.7708275,-6.7195469
00017463,CENTRO MEDICO GANIMED EIRL,I-3,PRIVADO,LAMBAYEQUE,CHICLAYO,LA VICTORIA,-79.8392425,-6.8012929
00017613,CENTRO MEDICO ESPECIALIZADO “EMERGENCIAS VRAE S.A.C.”,I-3,PRIVADO,AYACUCHO,LA MAR,AYNA,-73.7373811,-12.688634
00018344,CARDIORED SAC.,I-4,PRIVADO,LORETO,MAYNAS,IQUITOS,-73.2602493,-3.7311528
00016699,CENTRO DE ATENCION PRIMARIA II PATAPO,I-3,ESSALUD,LAMBAYEQUE,CHICLAYO,PATAPO,-79.6387633,-6.73801432
00010736,CLÍNICA NAVAL DE IQUITOS,I-4,SANIDAD DE LA MARINA DE GUERRA DEL PERU,LORETO,MAYNAS,PUNCHANA,-73.24118167,-3.73172833
00023931,VIDAS & VIAS SAC,I-3,PRIVADO,LAMBAYEQUE,CHICLAYO,CHICLAYO,-79.8352022,-6.7669639
00025306,AMAZON'S PEDIATRY,I-3,PRIVADO,LORETO,MAYNAS,IQUITOS,-73.2533089,-3.7362321
00003680,CENTRO DE SALUD LARAMATE LUCANAS,I-3,GOBIERNO REGIONAL,AYACUCHO,LUCANAS,LARAMATE,-74.84135167,-14.28810167
00025198,"CENTRO MEDICO MILITAR ""DIVINO NIÑO DEL MILAGRO DE ETEN""",I-3,SANIDAD DEL EJERCITO DEL PERU,LAMBAYEQUE,LAMBAYEQUE,LAMBAYEQUE,-79.91085983,-6.70213204
00008303,GASTROSALUD E.I.R.L,I-3,PRIVADO,LAMBAYEQUE,CHICLAYO,CHICLAYO,-79.8442978,-6.76773329
00029215,SAN AGUSTIN MEDICAL CENTER,I-3,PRIVADO,LAMBAYEQUE,CHICLAYO,CHICLAYO,-79.8394273,-6.7831206
00000185,CENTRO DE SALUD I-4 ORELLANA,I-4,GOBIERNO REGIONAL,LORETO,UCAYALI,VARGAS GUERRA,-75.15865947,-6.91476797
00004444,PITIPO,I-3,GOBIERNO REGIONAL,LAMBAYEQUE,FERREÑAFE,PITIPO,-79.7807221,-6.56545332
00004324,CERROPON,I-3,GOBIERNO REGIONAL,LAMBAYEQUE,CHICLAYO,CHICLAYO,-79.86825167,-6.78008667
00029506,CENTRO MEDICO CICSA,I-3,PRIVADO,LAMBAYEQUE,FERREÑAFE,FERREÑAFE,-79.7997615,-6.6395862
00000023,C.S. I-3 9 DE OCTUBRE,I-3,GOBIERNO REGIONAL,LORETO,MAYNAS,BELEN,-73.24459961,-3.76457022
00003729,CENTRO DE SALUD RELAVE,I-3,GOBIERNO REGIONAL,AYACUCHO,PARINACOCHAS,PULLO,-74.057845,-15.61289833
00006898,CENTRO DE SALUD MOLLEPATA,I-3,GOBIERNO REGIONAL,AYACUCHO,HUAMANGA,AYACUCHO,-74.23280243,-13.12992682
00019627,CENTRO DEL RIÑON DEL NORTE S.A.C.,I-3,PRIVADO,LAMBAYEQUE,CHICLAYO,CHICLAYO,-79.8442978,-6.7765974
00027259,CENTRO ESPECIALIZADO DE REFERENCIA DE INFECCIONES DE TRANSMISIÓN SEXUAL VIH/SIDA (CERITSS),I-3,GOBIERNO REGIONAL,LORETO,MAYNAS,SAN JUAN BAUTISTA,-73.28537908,-3.7737716
00008229,AUNA CHICLAYO - SERVIMEDICOS,I-3,PRIVADO,LAMBAYEQUE,CHICLAYO,CHICLAYO,-79.83936376,-6.77306073
00011438,CENTRO DE ATENCION PRIMARIA II PUQUIO,I-3,ESSALUD,AYACUCHO,LUCANAS,PUQUIO,-74.1241222,-14.6934248
00008831,CENTRO DE ATENCIÓN PRIMARIA III MANUEL MANRIQUE NEVADO,I-3,ESSALUD,LAMBAYEQUE,CHICLAYO,JOSE LEONARDO ORTIZ,-79.8366956,-6.7597307
00027734,CENTRO DE SALUD MENTAL COMUNITARIO MUSUQ RIKCHAY,I-3,GOBIERNO REGIONAL,AYACUCHO,HUAMANGA,CARMEN ALTO,-74.221274,-13.1770617
00015816,MEDINOR,I-3,PRIVADO,LAMBAYEQUE,CHICLAYO,CHICLAYO,-79.8440458,-6.7810503
00028123,POLICLINICO MARISCAL CACERES,I-4,PRIVADO,AYACUCHO,HUAMANGA,AYACUCHO,-74.2235641,-13.1638737
00014219,UNIDAD MEDICA PERCY ROZAS,I-3,PRIVADO,LORETO,LORETO,TROMPETEROS,-75.05644,-3.80994
00027735,CENTRO DE SALUD MENTAL COMUNITARIO RUKANAS,I-3,GOBIERNO REGIONAL,AYACUCHO,LUCANAS,PUQUIO,-74.11536651,-14.68764485
00008083,Establecimiento de Salud FAP Hospital Regional del Norte Chiclayo,I-3,SANIDAD DE LA FUERZA AEREA DEL PERU,LAMBAYEQUE,CHICLAYO,CHICLAYO,-79.82084709,-6.77078206
00008235,SERVIMED PERU,I-3,PRIVADO,LAMBAYEQUE,CHICLAYO,CHICLAYO,-79.8424211,-6.7737665
00000291,SANTA ROSA DE RAMON CASTILLA,I-3,GOBIERNO REGIONAL,LORETO,MARISCAL RAMON CASTILLA,YAVARI,-69.95587232,-4.22660218
00004355,SANTA ROSA,I-3,GOBIERNO REGIONAL,LAMBAYEQUE,CHICLAYO,SANTA ROSA,-79.91967167,-6.880855
00026012,"CENTRO DE SALUD MENTAL COMUNITARIO ""LOS MOROCHUCOS""",I-3,GOBIERNO REGIONAL,AYACUCHO,CANGALLO,LOS MOROCHUCOS,-74.1959204,-13.5577859
00026060,IPRESS ACLAS I-3 8 DE MAYO,I-3,GOBIERNO REGIONAL,LORETO,UCAYALI,CONTAMANA,-75.00340041,-7.33378079
00026023,policlinico san lorenzo amazon,I-3,PRIVADO,LORETO,MAYNAS,IQUITOS,-73.2729406,-3.7641879
00025437,CLINICA DE LA PIEL & SPA - SKIN LASER,I-3,PRIVADO,LORETO,MAYNAS,IQUITOS,-73.24854066,-3.74374992
00000118,CABALLOCOCHA,I-4,GOBIERNO REGIONAL,LORETO,MARISCAL RAMON CASTILLA,RAMON CASTILLA,-70.51696667,-3.90842333
00025569,CLÍNICA H&S SAC,I-3,PRIVADO,AYACUCHO,HUAMANGA,AYACUCHO,-74.2235641,-13.1638737
00026709,FISIO+MEDIC CONDUCTOR,I-3,PRIVADO,LAMBAYEQUE,CHICLAYO,CHICLAYO,-79.8442978,-6.7765974
00030388,CENTRO MEDICO VINALI,I-3,PRIVADO,LAMBAYEQUE,CHICLAYO,CHICLAYO,-79.84060057,-6.76789914
00006882,CENTRO DE SALUD LOS OLIVOS,I-3,GOBIERNO REGIONAL,AYACUCHO,HUAMANGA,SAN JUAN BAUTISTA,-74.21291928,-13.17806438
00026014,CENTRO DE SALUD MENTAL COMUNITARIO BELLA ESMERALDA´´ - HUANTA,I-3,GOBIERNO REGIONAL,AYACUCHO,HUANTA,HUANTA,-74.24481828,-12.93720881
00025813,CENTRO MEDICO PSICOSOMATICO WARI S.A.C.,I-3,PRIVADO,AYACUCHO,HUAMANGA,JESUS NAZARENO,-74.21729077,-13.15592491
00000091,CENTRO DE SALUD I-4 NAUTA - NUCLEO BASE,I-4,GOBIERNO REGIONAL,LORETO,LORETO,NAUTA,-73.57614988,-4.50579542
00029421,MASVIDA,I-3,PRIVADO,LAMBAYEQUE,CHICLAYO,LA VICTORIA,-79.8421536,-6.8001959
00025711,CLINICA ODONTOLOGICA SELVA DENT,I-3,PRIVADO,LORETO,MAYNAS,IQUITOS,-73.2566639,-3.752486
00000268,C.S. I-3 ULLPAYACU,I-3,GOBIERNO REGIONAL,LORETO,DATEM DEL MARAÑON,PASTAZA,-76.58828333,-4.65086
00027540,CENTRO DE SALUD MENTAL COMUNITARIO - YURIMAGUAS,I-3,GOBIERNO REGIONAL,LORETO,ALTO AMAZONAS,YURIMAGUAS,-76.1129048,-5.9007717
00027923,CENTRO MÉDICO ESPECIALIZADO SALUD MADRE & MUJER,I-3,PRIVADO,LAMBAYEQUE,CHICLAYO,CHICLAYO,-79.8591447,-6.7694879
00012241,AGUSTIN GAVIDIA SALCEDO,I-3,ESSALUD,LAMBAYEQUE,LAMBAYEQUE,LAMBAYEQUE,-79.9018066,-6.7035516
00026966,WISAR SALUD,I-3,PRIVADO,LORETO,MAYNAS,SAN JUAN BAUTISTA,-73.27252945,-3.76513376
00015817,DPI DR. ROSAS,I-3,PRIVADO,LAMBAYEQUE,CHICLAYO,CHICLAYO,-79.8356603,-6.780387
00026918,"CENTRO DE SALUD MENTAL COMUNITARIO ""UYARINA WASI""",I-3,GOBIERNO REGIONAL,AYACUCHO,LA MAR,AYNA,-73.78731591,-12.62452885
00026949,EPSS DEL PILAR,I-3,PRIVADO,AYACUCHO,HUAMANGA,AYACUCHO,-74.2260977,-13.150905
00026526,CENTRO MEDICO APURIMAC SAC,I-3,PRIVADO,AYACUCHO,HUAMANGA,JESUS NAZARENO,-74.21793182,-13.15584394
00000104,CENTRO DE SALUD I-3 12 DE OCTUBRE,I-3,GOBIERNO REGIONAL,LORETO,LORETO,TIGRE,-75.80234,-2.38769
00027186,GASTROMEDIC,I-3,PRIVADO,AYACUCHO,HUAMANGA,AYACUCHO,-74.22481391,-13.15261373
00015406,CENTRO MEDICO INTELIGENCIA EMOCIONAL E.I.R.L.,I-3,PRIVADO,LAMBAYEQUE,CHICLAYO,CHICLAYO,-79.83498367,-6.76521351
00000025,SAN JUAN DE MIRAFLORES,I-4,GOBIERNO REGIONAL,LORETO,MAYNAS,SAN JUAN BAUTISTA,-73.28321537,-3.77432588
00027974,centro medico rehabilitación física y oral ángel,I-3,PRIVADO,AYACUCHO,HUAMANGA,AYACUCHO,-74.22628376,-13.15422006
00028588,CENTRO ODONTOLOGICO DENTILOR,I-3,PRIVADO,LORETO,MAYNAS,IQUITOS,-73.24783593,-3.75427232
00027598,CENTRO DE SALUD MENTAL COMUNITARIO IQUITOS,I-3,GOBIERNO REGIONAL,LORETO,MAYNAS,IQUITOS,-73.2448763,-3.74257305
00011379,CENTRO MEDICO 18 DE OCTUBRE S.C.R.L.,I-3,PRIVADO,LORETO,MAYNAS,IQUITOS,-73.25165154,-3.74801615
00027809,ESTABLECIMIENTO DE SALUD AMÉRICA S.A.C.,I-3,PRIVADO,LAMBAYEQUE,CHICLAYO,CHICLAYO,-79.85892282,-6.77222259
00000191,C.S. I-3 JEBEROS,I-3,GOBIERNO REGIONAL,LORETO,ALTO AMAZONAS,JEBEROS,-76.28408123,-5.29104902
00029564,LIDER MEDICA,I-4,PRIVADO,LAMBAYEQUE,CHICLAYO,CHICLAYO,-79.8442977,-6.7765974
00026052,CENTRO DE SALUD COMUNITARIO UKA YAKI TSA WA,I-3,GOBIERNO REGIONAL,LORETO,MAYNAS,SAN JUAN BAUTISTA,-73.27955746,-3.77116231
00017317,POLICLINICO ASOCIACION BENEFICA PRISMA,I-3,PRIVADO,LORETO,MAYNAS,SAN JUAN BAUTISTA,-73.33787151,-3.78612303
00026654,POLICLINICO CANAAN SRL,I-3,PRIVADO,AYACUCHO,HUAMANGA,ANDRES AVELINO CACERES D.,-74.1990315,-13.1670004
00000113,CENTRO DE SALUD I-3 PEVAS,I-3,GOBIERNO REGIONAL,LORETO,MARISCAL RAMON CASTILLA,PEBAS,-71.86058167,-3.31967333
00027973,CENTRO MÉDICO SEÑAL DE VIDA,I-3,PRIVADO,AYACUCHO,HUAMANGA,AYACUCHO,-74.2235641,-13.1638737
00000004,C.S. I-3 SANTA MARIA DE NANAY,I-3,GOBIERNO REGIONAL,LORETO,MAYNAS,ALTO NANAY,-73.69678536,-3.88899772
00014386,MULTISERVICIOS SOLIDARIDAD REQUENINA SAC,I-3,PRIVADO,LORETO,REQUENA,REQUENA,-73.85579563,-5.0622135
00028351,"CENTRO ODONTOLOGICO ""DENTAL PACIFICO""",I-3,PRIVADO,AYACUCHO,HUAMANGA,AYACUCHO,-74.22808899,-13.14816365
00000132,CENTRO DE SALUD I-3 FLOR DE PUNGA,I-3,GOBIERNO REGIONAL,LORETO,REQUENA,CAPELO,-74.15770233,-5.4046023
00000027,C.S. I-3 AMÉRICA DE SAN JUAN BAUTISTA,I-3,GOBIERNO REGIONAL,LORETO,MAYNAS,SAN JUAN BAUTISTA,-73.29931008,-3.78788195
00003600,CENTRO DE SALUD MIRAFLORES,I-3,GOBIERNO REGIONAL,AYACUCHO,HUAMANGA,SAN JUAN BAUTISTA,-74.1999012,-13.17579197
00003790,CENTRO DE SALUD SACHARACCAY,I-3,GOBIERNO REGIONAL,AYACUCHO,LA MAR,ANCO,-73.849245,-13.08082167
00003701,CENTRO DE SALUD PAUSA,I-4,GOBIERNO REGIONAL,AYACUCHO,PAUCAR DEL SARA SARA,PAUSA,-73.34357525,-15.28102173
00004323,CRUZ DE LA ESPERANZA,I-3,GOBIERNO REGIONAL,LAMBAYEQUE,CHICLAYO,CHICLAYO,-79.87475667,-6.76895167
00000240,P.S. I-3 SANTA MARIA DE CAHUAPANAS,I-3,GOBIERNO REGIONAL,LORETO,DATEM DEL MARAÑON,CAHUAPANAS,-77.037905,-5.24814667
00029912,POLICLINICO I-3 EL REY EIRL,I-3,PRIVADO,LORETO,DATEM DEL MARAÑON,BARRANCA,-76.55573509,-4.82584928
00004376,CENTRO DE SALUD ILLIMO,I-3,GOBIERNO REGIONAL,LAMBAYEQUE,LAMBAYEQUE,ILLIMO,-79.85386833,-6.47544667
00030482,CUBAMEDIC,I-3,PRIVADO,LAMBAYEQUE,CHICLAYO,CHICLAYO,-79.8561392,-6.7705093
00027704,POLICLINICO LA FAMILIA,I-3,PRIVADO,AYACUCHO,HUAMANGA,AYACUCHO,-74.22296329,-13.16115749
00000186,C.S. I-3 SAN GABRIEL DE VARADERO,I-3,GOBIERNO REGIONAL,LORETO,ALTO AMAZONAS,BALSAPUERTO,-73.90534481,-4.5125192
00003684,CENTRO DE SALUD OCAÑA,I-3,GOBIERNO REGIONAL,AYACUCHO,LUCANAS,OCAÑA,-74.82149167,-14.39768
00026958,CALIDAD Y SALUD T&F SAC,I-3,PRIVADO,LAMBAYEQUE,CHICLAYO,CHICLAYO,-79.84197634,-6.78040129
00027082,CENTRO DE SALUD MENTAL COMUNITARIO INTERCULTURAL DATEM DEL MARAÑÓN,I-3,GOBIERNO REGIONAL,LORETO,DATEM DEL MARAÑON,BARRANCA,-76.697867,-4.8321889
00022100,CARDIO CELESTIAL,I-3,PRIVADO,AYACUCHO,HUAMANGA,AYACUCHO,-74.22355393,-13.15769935
00027731,CENTRO DE SALUD MENTALCOMUNITARIO JESUS NAZARENO- KUSKA WIÑARISUN,I-3,GOBIERNO REGIONAL,AYACUCHO,HUAMANGA,JESUS NAZARENO,-74.21378476,-13.1478868
00026042,CENTRO MEDICO OBSTETRICO MARIA FE S.A.C.,I-3,PRIVADO,LORETO,MAYNAS,IQUITOS,-73.2424638,-3.7492387
00026291,CENTRO MEDICO ESPECIALIZADO MISALUD IQUITOS S.A.C,I-3,PRIVADO,LORETO,MAYNAS,PUNCHANA,-73.25208193,-3.72674977
00029983,CENTRO MEDICO TERESA DE CALCUTA,I-3,PRIVADO,LAMBAYEQUE,FERREÑAFE,FERREÑAFE,-79.7869714,-6.6340676
00027652,CENTRO MEDICO SAN FRANCISCO,I-3,PRIVADO,AYACUCHO,LA MAR,AYNA,-74.2235641,-13.1638737
00028081,CENTRO MEDICO ESPECIALIZADO ROMERO,I-3,PRIVADO,AYACUCHO,HUAMANGA,JESUS NAZARENO,-74.2153319,-13.1514726
00027572,CENTRO DE SALUD MENTAL COMUNITARIO - PUNCHANA,I-3,GOBIERNO REGIONAL,LORETO,MAYNAS,PUNCHANA,-73.244746,-3.737496
00028119,EL GALENO,I-3,PRIVADO,AYACUCHO,HUAMANGA,JESUS NAZARENO,-74.2257679,-13.1605503
00000060,FRANCISCO DE ORELLANA,I-3,GOBIERNO REGIONAL,LORETO,MAYNAS,LAS AMAZONAS,-72.76548514,-3.4216635
00028840,CONSULTORIOS ZAGA EIRL,I-3,PRIVADO,AYACUCHO,HUAMANGA,ANDRES AVELINO CACERES D.,-74.2003231,-13.1560699
00021081,HAPPY DENT,I-3,PRIVADO,LORETO,MAYNAS,IQUITOS,-73.248768,-3.74602613
00006731,CHAPIS,I-3,GOBIERNO REGIONAL,LORETO,DATEM DEL MARAÑON,MANSERICHE,-77.48417333,-4.39402
00000214,C.S. I-3 SANTA MARÍA,I-3,GOBIERNO REGIONAL,LORETO,ALTO AMAZONAS,YURIMAGUAS,-76.11411,-5.77113
00003699,CENTRO DE SALUD OYOLO,I-3,GOBIERNO REGIONAL,AYACUCHO,PAUCAR DEL SARA SARA,OYOLO,-73.18783833,-15.18010833
00026050,CENTRO DE SALUD MENTAL COMUNITARIO CARDOZO,I-3,GOBIERNO REGIONAL,LORETO,MAYNAS,BELEN,-73.271886,-3.774026
00003603,CENTRO DE SALUD CONCHOPATA,I-3,GOBIERNO REGIONAL,AYACUCHO,HUAMANGA,ANDRES AVELINO CACERES D.,-74.20863984,-13.15850315
00004342,REQUE,I-4,GOBIERNO REGIONAL,LAMBAYEQUE,CHICLAYO,REQUE,-79.81689167,-6.86514333
00004371,JAYANCA,I-3,GOBIERNO REGIONAL,LAMBAYEQUE,LAMBAYEQUE,JAYANCA,-79.8188,-6.38506667
00000211,C.S. 1-3 CENTRO ESPEC.MATERNO INFAN.AGUAMIRO,I-3,GOBIERNO REGIONAL,LORETO,ALTO AMAZONAS,YURIMAGUAS,-76.11304333,-5.88774833
00027274,"CENTRO MEDICO ESPECIALIZADO ""PRENACER""",I-3,PRIVADO,AYACUCHO,HUAMANGA,AYACUCHO,-74.22523243,-13.15028712
00011408,CAP III IQUITOS,I-3,ESSALUD,LORETO,MAYNAS,IQUITOS,-73.26265928,-3.75279399
00000232,C.S. I-3 GRAU KM.40,I-3,GOBIERNO REGIONAL,LORETO,ALTO AMAZONAS,YURIMAGUAS,-76.24155,-6.0727
00015091,"CENTRO MEDICO INFANTIL ""NIÑOS FELICES""",I-3,PRIVADO,LORETO,MAYNAS,PUNCHANA,-73.25096348,-3.72868417
00000064,ACLAS I-3 MAZAN,I-3,GOBIERNO REGIONAL,LORETO,MAYNAS,MAZAN,-73.09167713,-3.49795605
00028326,OFIR SALUD SAC,I-3,PRIVADO,LAMBAYEQUE,CHICLAYO,CHICLAYO,-79.8424328,-6.7739232
00000009,SAN ANTONIO DE IQUITOS,I-3,GOBIERNO REGIONAL,LORETO,MAYNAS,IQUITOS,-73.25455621,-3.735462
00006997,PUCALA,I-3,GOBIERNO REGIONAL,LAMBAYEQUE,CHICLAYO,PUCALA,-79.60789167,-6.779125
00028471,BIEN D' SALUD_LORETO S.A.C,I-3,PRIVADO,LORETO,MAYNAS,SAN JUAN BAUTISTA,-73.29091062,-3.77739569
00030726,SIEMPRE JOVEN,I-3,PRIVADO,LAMBAYEQUE,CHICLAYO,CHICLAYO,-79.8440074,-6.7863925
00031080,CENTRO MEDICO OAMS GRAU E.I.R.L,I-3,PRIVADO,LORETO,MAYNAS,IQUITOS,-73.25499503,-3.76286663
00025796,CENTRO MEDIC SAN MIGUEL ARCANGEL VILARCH SAC.,I-3,PRIVADO,AYACUCHO,HUAMANGA,JESUS NAZARENO,-74.21610962,-13.15571477
00031843,CENTRO MEDICO DE LA SOCIEDAD DE BENEFICENCIA DE LAMBAYEQUE,I-3,OTRO,LAMBAYEQUE,LAMBAYEQUE,LAMBAYEQUE,-79.9080757,-6.7197666
00031379,CENTRO MEDICO THANIY,I-3,PRIVADO,AYACUCHO,HUANTA,HUANTA,-74.24798069,-12.94379688
00030800,CENTRO DE SALUD MENTAL COMUNITARIO - NAUTA,I-3,GOBIERNO REGIONAL,LORETO,LORETO,NAUTA,-73.57667381,-4.50758885
00020543,"IPRESS I-4 MILITAR DIVISIONARIO ""SANTA ROSA"" IQUITOS",I-4,SANIDAD DEL EJERCITO DEL PERU,LORETO,MAYNAS,IQUITOS,-73.25337675,-3.76212057
00031315,INVERSIONES PREVENTIVA S.R.L.,I-3,PRIVADO,LAMBAYEQUE,CHICLAYO,CHICLAYO,-79.8506245,-6.7693378
00031693,CENTRO MEDICO WARI S.A.C.,I-3,PRIVADO,AYACUCHO,HUAMANGA,JESUS NAZARENO,-74.217445,-13.156082
00031735,LORETO SALUD SOCIEDAD ANONIMA CERRADA,I-3,PRIVADO,LORETO,MAYNAS,IQUITOS,-73.26157957,-3.74024492
00031595,AYACUCHO ESPECIALIDADES MEDICAS,I-3,PRIVADO,AYACUCHO,HUAMANGA,ANDRES AVELINO CACERES D.,-74.21030558,-13.16476541
00031695,POLICLINICO ONCOLABS,I-3,PRIVADO,AYACUCHO,HUAMANGA,ANDRES AVELINO CACERES D.,-74.2003231,-13.1560699
00031810,CENTRO DE SALUD MENTAL COMUNITARIO I 3 - CONTAMANA,I-3,GOBIERNO REGIONAL,LORETO,UCAYALI,CONTAMANA,-75.00969019,-7.3484333
00031342,SAMA OCUPACIONAL,I-3,PRIVADO,LAMBAYEQUE,CHICLAYO,CHICLAYO,-79.844932,-6.7859641
00030950,CLINICA DE SALUD SAN FELIPE,I-3,PRIVADO,LAMBAYEQUE,CHICLAYO,LA VICTORIA,-79.8430916,-6.7899979
00031670,Corporación Los ángeles Centro Medico Quirúrgico Especializado EIRL,I-3,PRIVADO,LORETO,MAYNAS,PUNCHANA,-73.2520018,-3.7269659
00031862,CENTRO MEDICO SERVIMEDIC,I-3,PRIVADO,AYACUCHO,HUAMANGA,JESUS NAZARENO,-74.21728233,-13.15590578
00033137,CENTRO MEDICO PROSAMAS,I-3,PRIVADO,AYACUCHO,HUAMANGA,JESUS NAZARENO,-74.2235641,-13.1638737
00030910,POLICLINICO DE DIAGNOSTICO Y TRATAMIENTO BIENVITAL,I-3,PRIVADO,AYACUCHO,HUAMANGA,AYACUCHO,-74.2251688,-13.1519533
00031615,SERVISALUD,I-3,PRIVADO,LAMBAYEQUE,CHICLAYO,CHICLAYO,-79.8549907,-6.7700798
00031980,CRUZ DE MOTUPE,I-3,PRIVADO,LAMBAYEQUE,CHICLAYO,JOSE LEONARDO ORTIZ,-79.8438875,-6.76248864
00032807,CENTRO MEDICO AMISTAD Y SALUD,I-3,PRIVADO,LAMBAYEQUE,CHICLAYO,CHICLAYO,-79.9080757,-6.7197666
00031986,CENTRO MEDICO SANTO TOMAS SAC,I-3,PRIVADO,LAMBAYEQUE,CHICLAYO,CHICLAYO,-79.8560916,-6.7707872
00032267,"POLICLINICO NEUROLOGICO Y ESPECIALIDADES MEDICAS ""DESPERTARES""",I-3,PRIVADO,AYACUCHO,HUAMANGA,SAN JUAN BAUTISTA,-74.2235641,-13.1638737
00031625,CHICLAYO SALUD,I-3,PRIVADO,LAMBAYEQUE,CHICLAYO,CHICLAYO,-79.8611832,-6.7748934
00032963,TRUAMA CENTER LORETO E.I.R.L,I-3,PRIVADO,LORETO,MAYNAS,IQUITOS,-73.25511679,-3.76294666
00032464,CLINICA TRAUMATOLOGICA AGUAMIRO,I-4,PRIVADO,LORETO,ALTO AMAZONAS,YURIMAGUAS,-76.1265116,-5.9038293
00032361,OFTALMOSELVA E.I.R.L,I-3,PRIVADO,LORETO,MAYNAS,PUNCHANA,-73.24775422,-3.72958482
00032768,CENTRO MEDICO IQUITOS VIDA,I-3,PRIVADO,LORETO,MAYNAS,IQUITOS,-73.2554858,-3.7613975
00031974,CEIM,I-3,PRIVADO,LORETO,MAYNAS,IQUITOS,-73.2516029,-3.7436382
00032451,GLOBAL LASER,I-3,PRIVADO,LORETO,MAYNAS,IQUITOS,-73.2516326,-3.7436735
00031994,MEDISAG SAC.,I-3,PRIVADO,LAMBAYEQUE,CHICLAYO,LA VICTORIA,-79.84697288,-6.80217505
00031717,CENTRO MEDICO VIDA SANA,I-3,PRIVADO,AYACUCHO,HUAMANGA,SAN JUAN BAUTISTA,-74.22337452,-13.16401411
00032264,CENTRO MEDICO PAZ Y BIEN,I-3,PRIVADO,AYACUCHO,HUAMANGA,AYACUCHO,-74.2248452,-13.1637362
00032076,CENTRO MEDICO DE ACCION SOCIAL PAZ Y BIEN,I-3,PRIVADO,AYACUCHO,HUAMANGA,AYACUCHO,-74.226073,-13.16327055
00032743,POSOPE ALTO,I-4,GOBIERNO REGIONAL,LAMBAYEQUE,CHICLAYO,PATAPO,-79.6309108,-6.7347251
00033500,CENTRO MEDICO JESUS PILOTO,I-3,PRIVADO,LAMBAYEQUE,CHICLAYO,CHICLAYO,-79.8459231,-6.7694378
00032252,CENTRO MEDIC PROSAMAS-PUQUIO,I-3,OTRO,AYACUCHO,LUCANAS,PUQUIO,-74.12487186,-14.69322541
00033044,CENTRO MEDICO RUTA 66 SAC,I-3,PRIVADO,LAMBAYEQUE,CHICLAYO,LA VICTORIA,-79.8501507,-6.8018813
00031985,"CENTRO MEDICO "" EL NAZARENO""",I-3,PRIVADO,LAMBAYEQUE,FERREÑAFE,FERREÑAFE,-79.7869714,-6.6340676
00032467,CENTRO DE DIAGNOSTICO ESPECIALIZADO PUTUMAYO E.I.R.L,I-3,PRIVADO,LORETO,MAYNAS,IQUITOS,-73.25226024,-3.74306594
00034044,CENTRO MEDICO N&A S.A.C,I-3,PRIVADO,LAMBAYEQUE,CHICLAYO,CHICLAYO,-79.845161,-6.7712768
00034073,POLICLINICO INMACULADA,I-3,PRIVADO,AYACUCHO,PAUCAR DEL SARA SARA,OYOLO,-73.242159,-14.9585226
00034548,CLÍNICA DE OJOS LÁSER CHICLAYO,I-3,PRIVADO,LAMBAYEQUE,CHICLAYO,CHICLAYO,-79.8446844,-6.7814658
00034069,CALIDAD Y SALUD,I-3,PRIVADO,LAMBAYEQUE,LAMBAYEQUE,OLMOS,-79.7455956,-5.9873416
00033337,CENTRO MEDICO UYUCCASA - SG NATCLAR S.A.C,I-3,PRIVADO,AYACUCHO,VICTOR FAJARDO,APONGO,-73.93216,-13.995126
00034054,PREVENTIVA SALUD OCUPACIONAL,I-3,PRIVADO,LAMBAYEQUE,LAMBAYEQUE,OLMOS,-79.7469963,-5.987685
00033467,MEDISALUD,I-3,PRIVADO,LAMBAYEQUE,CHICLAYO,PATAPO,-79.6360543,-6.7349037
00034080,CENTRO MEDICO CONTRA EL CANCER HEPATOSALUD,I-3,PRIVADO,LAMBAYEQUE,CHICLAYO,CHICLAYO,-79.8414069,-6.7855057
00034041,CENTRO DE ATENCIÓN PRIMARIA III METROPOLITANO,I-3,ESSALUD,AYACUCHO,HUAMANGA,JESUS NAZARENO,-74.2166323,-13.15678416
00034149,CENTRO DE SALUD I-3 NUEVA UNIÓN - RIO CHAMBIRA,I-3,GOBIERNO REGIONAL,LORETO,LORETO,URARINAS,-74.9312591,-4.57569555
00034046,ESTABLECIMIENTO SALUD Y ASOCIADOS NEW CAR SAC,I-3,PRIVADO,LAMBAYEQUE,CHICLAYO,CHICLAYO,-79.84590129,-6.77003561
00033809,ESTABLECIMIENTO DE SALUD SAN JORGE GROUP SAC,I-3,PRIVADO,LAMBAYEQUE,CHICLAYO,CHICLAYO,-79.8684131,-6.77470251
00034092,CENTRO MEDICO NEONATITOS,I-3,PRIVADO,LORETO,MAYNAS,BELEN,-73.27266978,-3.76658669
00035162,CENTRO DE SALUD MENTAL COMUNITARIO CABALLO COCHA,I-3,GOBIERNO REGIONAL,LORETO,MARISCAL RAMON CASTILLA,RAMON CASTILLA,-70.5128364,-3.90945592
00035482,MEDISALUD MEDICAL CENTER,I-3,OTRO,LAMBAYEQUE,CHICLAYO,LA VICTORIA,-79.8330204,-6.7937979
00034979,CENTRO MEDICO ESPECIALIZADO JETHRO E.I.R.L.,I-3,PRIVADO,LORETO,MAYNAS,IQUITOS,-73.2540732,-3.7477277
00036620,REBAGLIATI SERVICIOS MEDICOS ESPECIALIZADOS,I-3,PRIVADO,AYACUCHO,HUANTA,HUANTA,-74.2527864,-12.93701238
00037932,CENTRO MEDICO BENE SALUD E.I.R.L.,I-3,PRIVADO,LORETO,MAYNAS,IQUITOS,-73.25198772,-3.75106047
00036926,"E.P.S.S.""NIÑO JESUS""",I-4,PRIVADO,AYACUCHO,HUAMANGA,ANDRES AVELINO CACERES D.,-74.2109074,-13.1624909
00035980,INTELAB MEDIC,I-3,PRIVADO,LAMBAYEQUE,CHICLAYO,CHICLAYO,-79.8442794,-6.7685505
00036986,MEDICAL SILVA,I-3,PRIVADO,LAMBAYEQUE,LAMBAYEQUE,LAMBAYEQUE,-79.91112242,-6.69875876
00038874,CENTRO MEDICOSALUD & BIENESTAR SERVICIOS PROFESIONALES E.I.R.L.,I-3,PRIVADO,LORETO,MAYNAS,IQUITOS,-73.2670766,-3.7306062
00038818,SAGRADA FAMILIA CENTRO MEDICO ESPECIALIZADO,I-3,PRIVADO,AYACUCHO,HUAMANGA,JESUS NAZARENO,-74.2172069,-13.15776329
00036430,CENTRO MEDICO BREVETES PERU VRAE SAC,I-3,PRIVADO,AYACUCHO,LA MAR,AYNA,-73.78915451,-12.6237549
00035646,CENTRO MEDICO SOLJOAQUI SALUD S.A.,I-3,PRIVADO,LAMBAYEQUE,CHICLAYO,CHICLAYO,-79.8429794,-6.782435
00037086,POLICLINICO SOLIDARIO LAB SALUD,I-3,PRIVADO,LAMBAYEQUE,CHICLAYO,JOSE LEONARDO ORTIZ,-79.8337052,-6.7573172
00038883,CENTRO MEDICO JAYANCA VIDA E.I.R.L.,I-3,PRIVADO,LAMBAYEQUE,LAMBAYEQUE,JAYANCA,-79.82185,-6.3914782
00036770,CENTRO MEDICO VIDA DIOSPI SUYANA,I-3,PRIVADO,AYACUCHO,HUANTA,HUANTA,-74.25203539,-12.93604515
00038350,CENTRO MEDICO SOLIDARIDAD PUQUIO,I-3,PRIVADO,AYACUCHO,LUCANAS,PUQUIO,-74.12570581,-14.69291637
00036243,FAMILIA Y SALUD,I-3,PRIVADO,LAMBAYEQUE,LAMBAYEQUE,LAMBAYEQUE,-79.90388137,-6.70249192
00036562,GRUPO KLMMO EIRL,I-3,PRIVADO,AYACUCHO,HUAMANGA,JESUS NAZARENO,-74.2188077,-13.1568345
00036594,CENTRO DE SALUD NAZARENO,I-3,GOBIERNO REGIONAL,AYACUCHO,HUAMANGA,JESUS NAZARENO,-74.21387977,-13.15537661
00035645,SAN AGUSTIN MEDICAL CENTER LOS SAUCES,I-3,PRIVADO,LAMBAYEQUE,CHICLAYO,CHICLAYO,-79.8444433,-6.7813264
00036311,CENTRO MEDICO ALLINKAY,I-3,PRIVADO,AYACUCHO,HUAMANGA,AYACUCHO,-74.2263884,-13.1476079
00036245,VITALIS LATAM E.I.R.L.,I-3,PRIVADO,LAMBAYEQUE,CHICLAYO,CHICLAYO,-79.8518803,-6.7671974
00036414,CENTRO MEDICO SANTO TOMAS PERU,I-3,PRIVADO,LAMBAYEQUE,LAMBAYEQUE,LAMBAYEQUE,-79.90363029,-6.69765389
00035654,BIOSALUD SANTA LUCIA,I-3,PRIVADO,LAMBAYEQUE,FERREÑAFE,FERREÑAFE,-79.78845141,-6.63151957
00037085,INKAMAY SALUD LAMBAYEQUE,I-3,PRIVADO,LAMBAYEQUE,LAMBAYEQUE,LAMBAYEQUE,-79.90299997,-6.70683761
00035036,CENTRO MEDICO STA ROSA,I-3,PRIVADO,LAMBAYEQUE,CHICLAYO,CHICLAYO,-79.8422786,-6.7721804
00038278,CENTRO MEDICO SANTO TOMAS CHICLAYO,I-3,PRIVADO,LAMBAYEQUE,CHICLAYO,CHICLAYO,-79.85946361,-6.76470427
00038882,ASTROMEDIC,I-3,PRIVADO,LAMBAYEQUE,CHICLAYO,CHICLAYO,-79.84788478,-6.76745466
00038738,CENTRO MEDICO VIRGEN DEL CARMEN CHICLAYO,I-3,PRIVADO,LAMBAYEQUE,CHICLAYO,CHICLAYO,-79.85758,-6.76816
00038849,SERVICIOS DE SALUD PAZ Y BIEN S.A.C.,I-3,PRIVADO,AYACUCHO,HUAMANGA,AYACUCHO,-74.22547249,-13.16343493
00037851,POLICLINICO DE LA SOLIDARIDAD AYACUCHO,I-3,MUNICIPALIDAD PROVINCIAL,AYACUCHO,HUAMANGA,ANDRES AVELINO CACERES D.,-74.21332477,-13.16368957
00038591,CENTRO DE SALUD MENTAL COMUNITARIO - YURIMAGUAS,I-3,GOBIERNO REGIONAL,LORETO,ALTO AMAZONAS,YURIMAGUAS,-76.1067627,-5.8966767
00038054,TRAMAZON DOCTOR,I-3,PRIVADO,LORETO,MAYNAS,IQUITOS,-73.2510457,-3.7480201
00038083,Fray Martin,I-3,PRIVADO,LAMBAYEQUE,CHICLAYO,CHICLAYO,-77.04515374,-12.04641597
00037080,CENTRO MEDICO SAGRADO NIÑO JESUS,I-3,PRIVADO,AYACUCHO,HUAMANGA,JESUS NAZARENO,-74.21831904,-13.15625778
00038044,POLICLINICO CAVERO,I-3,PRIVADO,AYACUCHO,HUAMANGA,AYACUCHO,-74.22760065,-13.14873737
00036419,DOCTOR KAR E.I.R.L.,I-3,PRIVADO,LORETO,MAYNAS,IQUITOS,-73.25621528,-3.75278945
00037684,C&D SOMOS SALUD S.R.L,I-3,OTRO,LAMBAYEQUE,CHICLAYO,LA VICTORIA,-79.8429997,-6.7990075
00038172,GUERRERO SALUD,I-3,PRIVADO,LAMBAYEQUE,CHICLAYO,CHICLAYO,-79.837055,-6.7744457
00037705,CENTRO MEDICO NAMAZONAS E.I.R.L.,I-3,PRIVADO,LORETO,ALTO AMAZONAS,YURIMAGUAS,-76.1096729,-5.89535336
00035579,EVA TECNOLOGIA INNOVACIÒN Y SALUD,I-3,PRIVADO,LORETO,MAYNAS,IQUITOS,-73.25365471,-3.75640803
00038769,DON JOAQUIN,I-3,PRIVADO,LAMBAYEQUE,LAMBAYEQUE,LAMBAYEQUE,-79.89906785,-6.69937743
00037858,"CENTRO DE SALUD MENTAL COMUNITARIO ""ALLIN YUYAY WASI""",I-3,GOBIERNO REGIONAL,AYACUCHO,LA MAR,PATIBAMBA,-73.94098497,-13.06232552
00035784,CENTRO MEDICO BREVETES PERU,I-3,PRIVADO,AYACUCHO,HUAMANGA,JESUS NAZARENO,-74.21713716,-13.15579138
00038173,CENTRO MEDICO ESPECIALIZADO SALUD MADRE & MUJER S.A.C.,I-3,PRIVADO,LAMBAYEQUE,CHICLAYO,CHICLAYO,-79.8451873,-6.780571
00037980,CENTRO MEDICO VRAEM,I-3,PRIVADO,AYACUCHO,HUANTA,HUANTA,-74.24276102,-12.94600256
00038832,CENTRO MEDICO ESPECIALIZADO MARIA AUXILIADORA,I-3,PRIVADO,AYACUCHO,HUAMANGA,ANDRES AVELINO CACERES D.,-74.2095428,-13.1624306
