pct_poblacion,pct_tiempo,ambito
0.0,0.0,AYACUCHO
1.0,0.01140359075524428,AYACUCHO
2.0,0.026678282347194424,AYACUCHO
3.0,0.04268354225370867,AYACUCHO
4.0,0.05949975824030482,AYACUCHO
5.0,0.07874645302535245,AYACUCHO
6.0,0.1148333472430531,AYACUCHO
7.000000000000001,0.16399292802332982,AYACUCHO
8.0,0.21485647148050202,AYACUCHO
9.0,0.2688578986031893,AYACUCHO
10.0,0.3248977630479819,AYACUCHO
11.0,0.3809376274927744,AYACUCHO
12.0,0.44095614014241075,AYACUCHO
13.0,0.5066149265654479,AYACUCHO
14.000000000000002,0.5772257357417315,AYACUCHO
15.0,0.6489824083246143,AYACUCHO
16.0,0.7252483057772583,AYACUCHO
17.0,0.8055749721177267,AYACUCHO
18.0,0.8859016384581947,AYACUCHO
19.0,0.9662283047986631,AYACUCHO
20.0,1.0466777596407235,AYACUCHO
21.0,1.1275867172747704,AYACUCHO
22.0,1.2096310206394052,AYACUCHO
23.0,1.2941934442610312,AYACUCHO
24.0,1.3793662340456927,AYACUCHO
25.0,1.4695813961568294,AYACUCHO
26.0,1.561414617611359,AYACUCHO
27.0,1.6567220301182146,AYACUCHO
28.000000000000004,1.7527106800133148,AYACUCHO
28.999999999999996,1.849848425825293,AYACUCHO
30.0,1.9505900028088947,AYACUCHO
31.0,2.055213937400755,AYACUCHO
32.0,2.161114691956458,AYACUCHO
33.0,2.2670154465121612,AYACUCHO
34.0,2.372916201067864,AYACUCHO
35.0,2.479138557817813,AYACUCHO
36.0,2.591071485913517,AYACUCHO
37.0,2.7037948579628814,AYACUCHO
38.0,2.816518230012246,AYACUCHO
39.0,2.9407800938001,AYACUCHO
40.0,3.082681955759463,AYACUCHO
41.0,3.224583817718827,AYACUCHO
42.0,3.386940834648675,AYACUCHO
43.0,3.5597804778214353,AYACUCHO
44.0,3.7424533445081813,AYACUCHO
45.0,3.9537697106465743,AYACUCHO
46.0,4.195433699519443,AYACUCHO
47.0,4.456627836628015,AYACUCHO
48.0,4.774470411121962,AYACUCHO
49.0,5.133073005271484,AYACUCHO
50.0,5.518810650473186,AYACUCHO
51.0,5.907524550358458,AYACUCHO
52.0,6.326703590330013,AYACUCHO
53.0,6.7840351578380895,AYACUCHO
54.0,7.312678905461854,AYACUCHO
55.00000000000001,7.854898251795733,AYACUCHO
56.00000000000001,8.429841575519756,AYACUCHO
57.00000000000001,9.040911678601326,AYACUCHO
57.99999999999999,9.68124925927121,AYACUCHO
59.0,10.36113007526301,AYACUCHO
60.0,11.070950265307609,AYACUCHO
61.0,11.826669163428669,AYACUCHO
62.0,12.637869891758907,AYACUCHO
63.0,13.491998900749655,AYACUCHO
64.0,14.389443731230706,AYACUCHO
65.0,15.354074543056539,AYACUCHO
66.0,16.35409134301466,AYACUCHO
67.0,17.379257060652524,AYACUCHO
68.0,18.46936204099931,AYACUCHO
69.0,19.610197441442722,AYACUCHO
70.0,20.860896149538657,AYACUCHO
71.0,22.160289933353663,AYACUCHO
72.0,23.505569152357225,AYACUCHO
73.0,24.90298378246375,AYACUCHO
74.0,26.305625855669923,AYACUCHO
75.0,27.77907327203445,AYACUCHO
76.0,29.298074894136562,AYACUCHO
77.0,30.85498424608578,AYACUCHO
78.0,32.467556626556195,AYACUCHO
79.0,34.10613591787546,AYACUCHO
80.0,35.76948939764111,AYACUCHO
81.0,37.493020501586955,AYACUCHO
82.0,39.2923921113278,AYACUCHO
83.0,41.14243793075726,AYACUCHO
84.0,43.09510601307247,AYACUCHO
85.0,45.11465071811414,AYACUCHO
86.0,47.23848061937236,AYACUCHO
87.0,49.5215454721768,AYACUCHO
88.0,51.89476802141706,AYACUCHO
89.0,54.42201792181148,AYACUCHO
90.0,57.17463730083202,AYACUCHO
91.0,60.05469186462654,AYACUCHO
92.0,63.02111435146933,AYACUCHO
93.0,66.12143779273403,AYACUCHO
94.0,69.54909726318726,AYACUCHO
95.0,73.19647053924862,AYACUCHO
96.0,77.00405328143572,AYACUCHO
97.0,81.22158726570858,AYACUCHO
98.0,86.26068529713328,AYACUCHO
99.0,91.82292886038928,AYACUCHO
100.0,99.99999999999946,AYACUCHO
0.0,0.0,LAMBAYEQUE
1.0,0.07969082007565476,LAMBAYEQUE
2.0,0.1593816401513095,LAMBAYEQUE
3.0,0.23907246022696424,LAMBAYEQUE
4.0,0.318763280302619,LAMBAYEQUE
5.0,0.39845410037827383,LAMBAYEQUE
6.0,0.4781449204539285,LAMBAYEQUE
7.000000000000001,0.5578357405295833,LAMBAYEQUE
8.0,0.637526560605238,LAMBAYEQUE
9.0,0.7172173806808927,LAMBAYEQUE
10.0,0.7969082007565477,LAMBAYEQUE
11.0,0.8765990208322022,LAMBAYEQUE
12.0,0.956289840907857,LAMBAYEQUE
13.0,1.0359806609835118,LAMBAYEQUE
14.000000000000002,1.1156714810591666,LAMBAYEQUE
15.0,1.1953623011348213,LAMBAYEQUE
16.0,1.275053121210476,LAMBAYEQUE
17.0,1.3580316265933459,LAMBAYEQUE
18.0,1.4447083302470611,LAMBAYEQUE
19.0,1.536784442660014,LAMBAYEQUE
20.0,1.667273848260085,LAMBAYEQUE
21.0,1.7977632538601556,LAMBAYEQUE
22.0,1.9282526594602267,LAMBAYEQUE
23.0,2.062806773138591,LAMBAYEQUE
24.0,2.2037318813676166,LAMBAYEQUE
25.0,2.3446569895966425,LAMBAYEQUE
26.0,2.4855820978256684,LAMBAYEQUE
27.0,2.629796829783811,LAMBAYEQUE
28.000000000000004,2.7966380828153112,LAMBAYEQUE
28.999999999999996,2.965420479880306,LAMBAYEQUE
30.0,3.1342028769453023,LAMBAYEQUE
31.0,3.303046693798918,LAMBAYEQUE
32.0,3.478015336455597,LAMBAYEQUE
33.0,3.6637880923462465,LAMBAYEQUE
34.0,3.8521645703261034,LAMBAYEQUE
35.0,4.056316278236366,LAMBAYEQUE
36.0,4.276032823631308,LAMBAYEQUE
37.0,4.502884239173737,LAMBAYEQUE
38.0,4.746351340674368,LAMBAYEQUE
39.0,4.992495929955665,LAMBAYEQUE
40.0,5.271657439228264,LAMBAYEQUE
41.0,5.5998214764445695,LAMBAYEQUE
42.0,5.929258755173858,LAMBAYEQUE
43.0,6.262080048108872,LAMBAYEQUE
44.0,6.598762100942578,LAMBAYEQUE
45.0,6.94546891555744,LAMBAYEQUE
46.0,7.2921757301723025,LAMBAYEQUE
47.0,7.644293278927017,LAMBAYEQUE
48.0,8.004281896887818,LAMBAYEQUE
49.0,8.364270514848622,LAMBAYEQUE
50.0,8.728271354448676,LAMBAYEQUE
51.0,9.12963089756438,LAMBAYEQUE
52.0,9.54948790821267,LAMBAYEQUE
53.0,9.986132902633233,LAMBAYEQUE
54.0,10.435149229939626,LAMBAYEQUE
55.00000000000001,10.892643992418105,LAMBAYEQUE
56.00000000000001,11.378264348857108,LAMBAYEQUE
57.00000000000001,11.886467121960695,LAMBAYEQUE
57.99999999999999,12.440750881841982,LAMBAYEQUE
59.0,13.02057328161968,LAMBAYEQUE
60.0,13.636294380792737,LAMBAYEQUE
61.0,14.303780177766079,LAMBAYEQUE
62.0,15.007231203766413,LAMBAYEQUE
63.0,15.753078413003507,LAMBAYEQUE
64.0,16.50536036921253,LAMBAYEQUE
65.0,17.292478979366688,LAMBAYEQUE
66.0,18.110242038716155,LAMBAYEQUE
67.0,18.955078911719735,LAMBAYEQUE
68.0,19.83569358675323,LAMBAYEQUE
69.0,20.753556738532826,LAMBAYEQUE
70.0,21.755432056832184,LAMBAYEQUE
71.0,22.82585205656233,LAMBAYEQUE
72.0,23.927795598645055,LAMBAYEQUE
73.0,25.041655924702503,LAMBAYEQUE
74.0,26.198747462058364,LAMBAYEQUE
75.0,27.384539972988097,LAMBAYEQUE
76.0,28.57170895387704,LAMBAYEQUE
77.0,29.772536957663508,LAMBAYEQUE
78.0,31.021748683750673,LAMBAYEQUE
79.0,32.3290599482651,LAMBAYEQUE
80.0,33.6934008603941,LAMBAYEQUE
81.0,35.133878783037545,LAMBAYEQUE
82.0,36.61556960694629,LAMBAYEQUE
83.0,38.13662461627521,LAMBAYEQUE
84.0,39.733698847489094,LAMBAYEQUE
85.0,41.43538379182696,LAMBAYEQUE
86.0,43.3631391702704,LAMBAYEQUE
87.0,45.477131407874396,LAMBAYEQUE
88.0,47.79552461595299,LAMBAYEQUE
89.0,50.20364723067853,LAMBAYEQUE
90.0,52.718384853472735,LAMBAYEQUE
91.0,55.348931525001646,LAMBAYEQUE
92.0,58.16730788536648,LAMBAYEQUE
93.0,61.16053677278253,LAMBAYEQUE
94.0,64.51718740684746,LAMBAYEQUE
95.0,68.24942862606807,LAMBAYEQUE
96.0,72.41980613767406,LAMBAYEQUE
97.0,77.07689212121058,LAMBAYEQUE
98.0,83.18933972336232,LAMBAYEQUE
99.0,90.62677062965447,LAMBAYEQUE
100.0,100.00000000000003,LAMBAYEQUE
0.0,0.0,LORETO
1.0,0.0,LORETO
2.0,0.0,LORETO
3.0,0.0,LORETO
4.0,0.0,LORETO
5.0,0.0,LORETO
6.0,0.0,LORETO
7.000000000000001,0.0,LORETO
8.0,0.0,LORETO
9.0,0.0,LORETO
10.0,0.0,LORETO
11.0,0.0,LORETO
12.0,0.0,LORETO
13.0,0.004488471353379323,LORETO
14.000000000000002,0.009970158147405546,LORETO
15.0,0.015588982232179083,LORETO
16.0,0.021207806316952637,LORETO
17.0,0.026826630401726184,LORETO
18.0,0.03244545448649973,LORETO
19.0,0.038288347582817836,LORETO
20.0,0.045519050297482495,LORETO
21.0,0.05289030477151963,LORETO
22.0,0.06026155924555678,LORETO
23.0,0.06763281371959394,LORETO
24.0,0.07550454962868258,LORETO
25.0,0.08669843988279087,LORETO
26.0,0.0984784584010097,LORETO
27.0,0.11346479786251568,LORETO
28.000000000000004,0.12992369628754705,LORETO
28.999999999999996,0.14738645548109283,LORETO
30.0,0.1693199827965304,LORETO
31.0,0.1958166672617166,LORETO
32.0,0.22585807608604117,LORETO
33.0,0.2590946560446958,LORETO
34.0,0.2935705432973447,LORETO
35.0,0.3319804199846565,LORETO
36.0,0.37275579560317285,LORETO
37.0,0.4148435306371078,LORETO
38.0,0.4664995634379264,LORETO
39.0,0.5228936771967216,LORETO
40.0,0.5792877909555167,LORETO
41.0,0.6358822316076534,LORETO
42.0,0.6954949925856975,LORETO
43.0,0.7551077535637418,LORETO
44.0,0.8147205145417863,LORETO
45.0,0.8743332755198306,LORETO
46.0,0.9343359413277322,LORETO
47.0,0.9978201172918002,LORETO
48.0,1.0613042932558678,LORETO
49.0,1.1247884692199357,LORETO
50.0,1.191188647684003,LORETO
51.0,1.2638743577265643,LORETO
52.0,1.3374262211704993,LORETO
53.0,1.4109780846144342,LORETO
54.0,1.4858375109642494,LORETO
55.00000000000001,1.5661207493062224,LORETO
56.00000000000001,1.6627622602622887,LORETO
57.00000000000001,1.7826441886126605,LORETO
57.99999999999999,1.9114811840456758,LORETO
59.0,2.0518335252514204,LORETO
60.0,2.2152539217721383,LORETO
61.0,2.3852848611453306,LORETO
62.0,2.555315800518523,LORETO
63.0,2.725346739891715,LORETO
64.0,2.8988283545049245,LORETO
65.0,3.0941988266066223,LORETO
66.0,3.3316774752934144,LORETO
67.0,3.624598281804599,LORETO
68.0,3.9558250847869645,LORETO
69.0,4.324779469148887,LORETO
70.0,4.693940673217291,LORETO
71.0,5.0686764648824445,LORETO
72.0,5.4449619333942945,LORETO
73.0,5.823323592208763,LORETO
74.0,6.203103878918113,LORETO
75.0,6.582884165627463,LORETO
76.0,6.962664452336813,LORETO
77.0,7.342444739046164,LORETO
78.0,7.722225025755513,LORETO
79.0,8.102005312464863,LORETO
80.0,8.481785599174215,LORETO
81.0,8.861565885883564,LORETO
82.0,9.26657374297865,LORETO
83.0,9.722908624859098,LORETO
84.0,10.17924350673954,LORETO
85.0,10.635578388619988,LORETO
86.0,11.142040713986656,LORETO
87.0,11.865750475789252,LORETO
88.0,12.756442050971906,LORETO
89.0,13.701904471540802,LORETO
90.0,14.91795465268596,LORETO
91.0,16.158464474083015,LORETO
92.0,20.723926682262693,LORETO
93.0,25.924442118215673,LORETO
94.0,31.149605354117742,LORETO
95.0,37.041099013485656,LORETO
96.0,43.68198962818825,LORETO
97.0,55.566206807017295,LORETO
98.0,70.35484652698156,LORETO
99.0,85.17112885089392,LORETO
100.0,100.0,LORETO
0.0,0.0,TOTAL
1.0,0.0,TOTAL
2.0,0.0,TOTAL
3.0,0.003212748221545981,TOTAL
4.0,0.011336534917310076,TOTAL
5.0,0.02865962086241032,TOTAL
6.0,0.046141686006240856,TOTAL
7.000000000000001,0.06362375115007142,TOTAL
8.0,0.08110581629390196,TOTAL
9.0,0.09858788143773248,TOTAL
10.0,0.11606994658156305,TOTAL
11.0,0.1335520117253936,TOTAL
12.0,0.15103407686922413,TOTAL
13.0,0.16928106835028445,TOTAL
14.000000000000002,0.18846639233491752,TOTAL
15.0,0.2096090671106726,TOTAL
16.0,0.23195910848670412,TOTAL
17.0,0.2571867506664709,TOTAL
18.0,0.2851246996608206,TOTAL
19.0,0.3137506353346471,TOTAL
20.0,0.342468249057079,TOTAL
21.0,0.37323481281771836,TOTAL
22.0,0.4041500665460941,TOTAL
23.0,0.43553548916723944,TOTAL
24.0,0.47081877734183164,TOTAL
25.0,0.5065525200271883,TOTAL
26.0,0.5433927300791668,TOTAL
27.0,0.5804191386143143,TOTAL
28.000000000000004,0.617988467759196,TOTAL
28.999999999999996,0.6582596493316709,TOTAL
30.0,0.6995399641861266,TOTAL
31.0,0.7423078106636175,TOTAL
32.0,0.7876486548199372,TOTAL
33.0,0.83438741375106,TOTAL
34.0,0.8826564888629604,TOTAL
35.0,0.9324120752064927,TOTAL
36.0,0.9854839305511925,TOTAL
37.0,1.0424509298947489,TOTAL
38.0,1.1058117660977442,TOTAL
39.0,1.1776471291008404,TOTAL
40.0,1.2505458279043857,TOTAL
41.0,1.3261792485501829,TOTAL
42.0,1.4022999317059075,TOTAL
43.0,1.480902912945924,TOTAL
44.0,1.5604629961370577,TOTAL
45.0,1.6480667769258224,TOTAL
46.0,1.741978502899898,TOTAL
47.0,1.8411715074429864,TOTAL
48.0,1.9460286513520129,TOTAL
49.0,2.0578652954181424,TOTAL
50.0,2.1808273490002383,TOTAL
51.0,2.3123710796822734,TOTAL
52.0,2.456463810463907,TOTAL
53.0,2.610365644235647,TOTAL
54.0,2.774068893360439,TOTAL
55.00000000000001,2.9432999006210294,TOTAL
56.00000000000001,3.1215344185113425,TOTAL
57.00000000000001,3.3084316780387564,TOTAL
57.99999999999999,3.5069808674356313,TOTAL
59.0,3.7195186635060487,TOTAL
60.0,3.9440782269260217,TOTAL
61.0,4.175525598223571,TOTAL
62.0,4.41475409503046,TOTAL
63.0,4.657938613714087,TOTAL
64.0,4.910666126289126,TOTAL
65.0,5.170922214203202,TOTAL
66.0,5.436612321603058,TOTAL
67.0,5.713134975842355,TOTAL
68.0,5.998711009338098,TOTAL
69.0,6.299340318641063,TOTAL
70.0,6.616615222194276,TOTAL
71.0,6.946939266064353,TOTAL
72.0,7.297961768438559,TOTAL
73.0,7.676918318428484,TOTAL
74.0,8.098974183779307,TOTAL
75.0,8.54943961887161,TOTAL
76.0,9.03493083142561,TOTAL
77.0,9.553462006880173,TOTAL
78.0,10.101325119490099,TOTAL
79.0,10.677474494914625,TOTAL
80.0,11.287410934475691,TOTAL
81.0,11.925712019066067,TOTAL
82.0,12.577563541435058,TOTAL
83.0,13.270411173783705,TOTAL
84.0,13.999820592248765,TOTAL
85.0,14.78447052725321,TOTAL
86.0,15.630917593665869,TOTAL
87.0,16.54693457733928,TOTAL
88.0,17.55566698794565,TOTAL
89.0,18.68256851546714,TOTAL
90.0,19.964461116781287,TOTAL
91.0,21.360041298656984,TOTAL
92.0,22.787994461999304,TOTAL
93.0,24.218988525947886,TOTAL
94.0,25.746454547666918,TOTAL
95.0,27.438386875247765,TOTAL
96.0,29.28514699963662,TOTAL
97.0,31.569977876015713,TOTAL
98.0,35.262971491082084,TOTAL
99.0,52.31326834640168,TOTAL
100.0,99.99999999999635,TOTAL
