id_partida,fecha,modalidad,variante,clasificada,color,rating_propio,rating_rival,resultado,estado_final
Efrc0xxt,2024-06-22 18:48:13.647,bullet,standard,True,black,3079,2441,win,resign
y0gKUFrf,2024-06-22 18:49:47.691,bullet,standard,True,white,3080,2597,win,resign
DGe4uZ0J,2024-06-22 18:51:28.067,bullet,standard,True,black,3083,2484,win,mate
5m6KZ6Aj,2024-06-22 18:53:03.202,bullet,standard,True,white,3085,2760,loss,resign
YB1gWnQG,2024-06-22 18:53:57.427,bullet,standard,True,black,3046,2365,win,mate
QHPVrTI9,2024-06-22 18:56:07.308,bullet,standard,True,white,3047,2959,win,outoftime
bnrQVFwg,2024-06-22 18:58:35.823,bullet,standard,True,black,3063,2765,draw,draw
FmWRUOb5,2024-06-22 19:00:30.346,bullet,standard,True,black,3049,2663,win,mate
xtXialtC,2024-06-22 19:02:01.777,bullet,standard,True,white,3053,2765,loss,outoftime
2KJCBnT4,2024-06-22 19:03:15.224,bullet,standard,True,white,3021,2702,loss,outoftime
7Yn8tQRZ,2024-06-22 19:04:51.379,bullet,standard,True,black,2988,2833,win,resign
0zgPiLLC,2024-06-22 19:07:05.166,bullet,standard,True,white,2999,2782,win,mate
WIPbQ2uh,2024-06-22 19:08:36.764,bullet,standard,True,white,3007,2875,win,resign
apzXqc2m,2024-06-22 19:10:33.916,bullet,standard,True,black,3018,2892,win,mate
BZlVXbm2,2025-05-24 19:13:12.218,bullet,standard,True,black,3028,1820,win,resign
sehBuh7G,2025-05-24 19:14:24.873,bullet,standard,True,white,3029,2678,win,mate
DRDFnjTg,2025-05-24 19:16:00.763,bullet,standard,True,black,3037,2721,win,mate
nqJ08CV3,2025-05-24 19:17:34.431,bullet,standard,True,white,3046,2731,win,resign
sU7DwEQ5,2025-05-24 19:19:24.546,bullet,standard,True,black,3055,2891,win,mate
OfyuJPd6,2025-05-24 19:21:52.770,bullet,standard,True,white,3072,2822,win,mate
s0Uhpirb,2025-05-24 19:24:24.680,bullet,standard,True,black,3083,2882,draw,draw
QypoKrwX,2025-05-24 19:26:15.347,bullet,standard,True,white,3069,2964,win,resign
mpdOSjGE,2025-05-24 19:27:30.116,bullet,standard,True,black,3087,3009,win,resign
7TA0gikZ,2025-05-24 19:29:25.225,bullet,standard,True,black,3105,3015,win,resign
cEbsIuIM,2025-05-24 19:30:04.619,bullet,standard,True,white,3122,3157,win,resign
oaByoGQT,2025-05-24 19:30:58.626,bullet,standard,True,white,3144,3102,win,resign
JlEpkyk3,2025-05-24 19:32:32.052,bullet,standard,True,black,3162,3161,win,resign
Kmr7r6wh,2025-05-24 19:33:46.544,bullet,standard,True,white,3180,3059,win,outoftime
w0kyVgi1,2025-05-24 19:35:55.388,bullet,standard,True,black,3192,2944,loss,outoftime
iURTZvqA,2025-05-24 19:38:25.352,bullet,standard,True,white,3165,3137,win,resign
zhHaWEYx,2025-05-24 19:39:19.636,bullet,standard,True,white,3180,3223,loss,resign
p8t7n1h4,2025-05-24 19:41:31.276,bullet,standard,True,black,3166,3061,loss,resign
OfNq3gH6,2025-05-24 19:43:05.006,bullet,standard,True,white,3147,3155,win,resign
6lXVH00K,2025-05-24 19:44:57.302,bullet,standard,True,black,3162,2958,win,outoftime
eWcl7RsZ,2025-05-24 19:47:31.407,bullet,standard,True,black,3169,3132,win,mate
M6eLBiFH,2025-05-24 19:49:13.726,bullet,standard,True,white,3181,3048,win,mate
RaZzgXoN,2025-05-24 19:51:25.085,bullet,standard,True,white,3189,2872,loss,mate
xaFdRV7l,2025-05-24 19:53:25.763,bullet,standard,True,black,3167,2953,win,resign
CGxkqUqp,2025-05-24 19:54:36.297,bullet,standard,True,white,3173,2875,win,resign
7QfHIkvB,2025-05-24 19:56:08.406,bullet,standard,True,black,3177,3241,draw,draw
ony4vIqh,2025-05-24 19:57:48.081,bullet,standard,True,black,3179,3059,win,resign
GILE0fmS,2025-05-24 19:59:18.868,bullet,standard,True,white,3187,3242,loss,outoftime
P8sDo8tc,2025-05-24 20:01:47.756,bullet,standard,True,black,3177,2973,win,resign
O79p4glP,2025-05-24 20:03:39.475,bullet,standard,True,white,3183,3129,win,resign
OwBe22yo,2025-05-24 20:05:35.274,bullet,standard,True,black,3192,3108,draw,draw
bDRN4aOQ,2025-05-24 20:07:44.796,bullet,standard,True,white,3189,3069,win,outoftime
oPmPGF8X,2025-05-24 20:09:53.097,bullet,standard,True,black,3196,2998,loss,resign
KyVLw4xS,2025-05-24 20:10:30.444,bullet,standard,True,white,3181,3145,draw,draw
ovXf5I0A,2025-05-24 20:12:27.745,bullet,standard,True,black,3180,3159,win,outoftime
lUP0KiqC,2025-05-24 20:14:56.991,bullet,standard,True,white,3189,3222,loss,resign
OJozkZH3,2025-05-24 20:16:30.183,bullet,standard,True,black,3181,3064,win,outoftime
5oquNjYQ,2025-05-24 20:19:00.303,bullet,standard,True,white,3187,3243,loss,outoftime
nvybf9EQ,2025-05-24 20:21:29.780,bullet,standard,True,black,3180,3103,loss,resign
WPYzAi4Z,2025-05-24 20:23:42.339,bullet,standard,True,white,3170,3090,win,resign
pHGFe1lT,2025-05-24 20:25:32.068,bullet,standard,True,black,3176,3151,win,outoftime
9vzrfIrv,2025-05-24 20:27:47.367,bullet,standard,True,black,3184,3213,loss,resign
knxDYq5W,2025-05-24 20:29:55.735,bullet,standard,True,white,3176,3019,win,resign
fcmhc2GV,2025-05-24 20:31:11.373,bullet,standard,True,black,3181,3118,win,resign
3YrxyLMY,2025-05-24 20:33:04.545,bullet,standard,True,white,3187,3110,win,resign
ZjbAs7ai,2025-05-24 20:35:02.540,bullet,standard,True,black,3193,2857,win,mate
MSkP4tKc,2025-05-24 20:37:01.388,bullet,standard,True,white,3195,3064,win,resign
fNUpn0oK,2025-05-24 20:37:59.354,bullet,standard,True,white,3200,2964,win,resign
uZ8Ugjbm,2025-05-24 20:39:57.448,bullet,standard,True,black,3203,3266,loss,resign
ZZImaDvj,2025-05-24 20:41:49.372,bullet,standard,True,black,3197,3004,win,mate
jsnf9Tyl,2025-05-24 20:44:06.065,bullet,standard,True,white,3201,3224,draw,outoftime
iYUxzt1g,2025-05-24 20:46:37.264,bullet,standard,True,white,3201,3080,win,resign
X2ooxxhO,2025-05-24 20:48:43.496,bullet,standard,True,black,3205,3084,win,resign
BdIlhVem,2025-05-24 20:50:37.486,bullet,standard,True,white,3210,3235,win,resign
2WzTqTeg,2025-05-24 20:51:14.221,bullet,standard,True,white,3217,3020,win,resign
jdsZdqm4,2025-05-24 20:52:51.464,bullet,standard,True,black,3220,2998,win,resign
MoasISt2,2025-05-24 20:54:43.064,bullet,standard,True,white,3223,3283,win,resign
ai4mXm5Q,2025-05-24 20:56:38.824,bullet,standard,True,black,3230,3108,win,resign
oPMO817E,2025-05-24 20:58:30.483,bullet,standard,True,white,3234,3072,loss,resign
U7vJv1HU,2025-05-24 20:59:28.392,bullet,standard,True,black,3226,3109,loss,resign
T0hqqeXL,2025-11-25 14:41:16.006,bullet,standard,True,white,3218,3018,win,resign
EOwvdMyl,2025-11-25 14:41:55.857,bullet,standard,True,black,3225,3015,win,mate
OK63uLhA,2026-01-19 10:15:08.206,bullet,standard,True,black,3233,3111,win,mate
qqcAlGZe,2026-01-19 10:16:53.033,bullet,standard,True,white,3246,3107,win,resign
fMIf8O0H,2026-01-19 10:19:00.241,bullet,standard,True,black,3256,3103,win,resign
JrfNbeoz,2026-01-19 10:19:31.032,bullet,standard,True,white,3266,3100,win,resign
UEHX6oFD,2026-01-19 10:20:36.562,bullet,standard,True,black,3275,3097,draw,draw
zUxV8GLr,2026-01-19 10:22:57.307,bullet,standard,True,white,3268,3099,win,resign
zO5ZaqI6,2026-03-17 23:00:54.345,bullet,standard,True,white,3276,3016,win,resign
K30CV7h1,2026-03-17 23:02:27.225,bullet,standard,True,black,3282,3014,win,resign
1fLwz7QO,2026-03-17 23:03:14.582,bullet,standard,True,white,3289,3012,draw,draw
G3tGP3Qv,2026-03-17 23:05:19.381,bullet,standard,True,black,3277,3015,win,mate
Bz3c7N7D,2026-03-17 23:06:40.421,bullet,standard,True,white,3284,3013,loss,resign
hQh8KffH,2026-03-17 23:08:39.911,bullet,standard,True,black,3257,3023,win,resign
Jhes4kvM,2026-03-17 23:09:47.189,bullet,standard,True,white,3264,3020,loss,resign
QvJtZdDG,2026-03-17 23:11:37.196,bullet,standard,True,black,3240,3029,win,resign
8vvzLvgP,2026-03-17 23:13:12.767,bullet,standard,True,white,3247,3026,loss,resign
uG80HxaK,2026-03-17 23:14:38.525,bullet,standard,True,black,3225,3035,win,resign
ItgC9JQz,2026-03-17 23:16:30.929,bullet,standard,True,white,3232,3032,loss,outoftime
SNG5EiHV,2026-03-17 23:18:37.521,bullet,standard,True,black,3212,3041,win,mate
haRbNEM1,2026-03-17 23:19:39.475,bullet,standard,True,white,3219,3038,win,resign
VOqkxbKK,2026-03-17 23:20:34.732,bullet,standard,True,black,3226,3035,win,mate
nrmBGiQF,2026-03-17 23:21:55.738,bullet,standard,True,white,3232,3032,win,mate
SnXhGC57,2026-03-17 23:23:07.111,bullet,standard,True,black,3238,3029,win,mate
xKWdG1d1,2026-04-08 19:36:17.600,blitz,standard,True,white,3131,2752,win,resign
kAdOQKeh,2026-04-08 19:39:03.033,blitz,standard,True,black,3145,2644,win,resign
