fecha,compra,venta,origen,fecha_origen_valor
01/06/2024,3.735,3.741,SUNAT (publicado),01/06/2024
02/06/2024,3.735,3.741,SUNAT (publicado),02/06/2024
03/06/2024,3.735,3.741,SUNAT (publicado),03/06/2024
04/06/2024,3.726,3.736,SUNAT (publicado),04/06/2024
05/06/2024,3.73,3.74,SUNAT (publicado),05/06/2024
06/06/2024,3.741,3.747,SUNAT (publicado),06/06/2024
07/06/2024,3.747,3.756,SUNAT (publicado),07/06/2024
08/06/2024,3.747,3.756,SUNAT (publicado),08/06/2024
09/06/2024,3.747,3.756,SUNAT (publicado),09/06/2024
10/06/2024,3.747,3.756,SUNAT (publicado),10/06/2024
11/06/2024,3.765,3.781,SUNAT (publicado),11/06/2024
12/06/2024,3.779,3.787,SUNAT (publicado),12/06/2024
13/06/2024,3.766,3.772,SUNAT (publicado),13/06/2024
14/06/2024,3.77,3.777,SUNAT (publicado),14/06/2024
15/06/2024,3.764,3.776,SUNAT (publicado),15/06/2024
16/06/2024,3.764,3.776,SUNAT (publicado),16/06/2024
17/06/2024,3.764,3.776,SUNAT (publicado),17/06/2024
18/06/2024,3.783,3.796,SUNAT (publicado),18/06/2024
19/06/2024,3.78,3.789,SUNAT (publicado),19/06/2024
20/06/2024,3.81,3.818,SUNAT (publicado),20/06/2024
21/06/2024,3.802,3.814,SUNAT (publicado),21/06/2024
22/06/2024,3.795,3.806,SUNAT (publicado),22/06/2024
23/06/2024,3.795,3.806,SUNAT (publicado),23/06/2024
24/06/2024,3.795,3.806,SUNAT (publicado),24/06/2024
25/06/2024,3.795,3.805,SUNAT (publicado),25/06/2024
26/06/2024,3.807,3.817,SUNAT (publicado),26/06/2024
27/06/2024,3.811,3.822,SUNAT (publicado),27/06/2024
28/06/2024,3.817,3.825,SUNAT (publicado),28/06/2024
29/06/2024,3.827,3.837,SUNAT (publicado),29/06/2024
30/06/2024,3.827,3.837,SUNAT (publicado),30/06/2024
01/07/2024,3.827,3.837,SUNAT (publicado),01/07/2024
02/07/2024,3.834,3.851,SUNAT (publicado),02/07/2024
03/07/2024,3.826,3.833,SUNAT (publicado),03/07/2024
04/07/2024,3.793,3.802,SUNAT (publicado),04/07/2024
05/07/2024,3.788,3.802,SUNAT (publicado),05/07/2024
06/07/2024,3.788,3.797,SUNAT (publicado),06/07/2024
07/07/2024,3.788,3.797,SUNAT (publicado),07/07/2024
08/07/2024,3.788,3.797,SUNAT (publicado),08/07/2024
09/07/2024,3.782,3.797,SUNAT (publicado),09/07/2024
10/07/2024,3.781,3.789,SUNAT (publicado),10/07/2024
11/07/2024,3.774,3.785,SUNAT (publicado),11/07/2024
12/07/2024,3.766,3.771,SUNAT (publicado),12/07/2024
13/07/2024,3.729,3.74,SUNAT (publicado),13/07/2024
14/07/2024,3.729,3.74,SUNAT (publicado),14/07/2024
15/07/2024,3.729,3.74,SUNAT (publicado),15/07/2024
16/07/2024,3.719,3.733,SUNAT (publicado),16/07/2024
17/07/2024,3.714,3.725,SUNAT (publicado),17/07/2024
18/07/2024,3.715,3.723,SUNAT (publicado),18/07/2024
19/07/2024,3.728,3.735,SUNAT (publicado),19/07/2024
20/07/2024,3.736,3.743,SUNAT (publicado),20/07/2024
21/07/2024,3.736,3.743,SUNAT (publicado),21/07/2024
22/07/2024,3.736,3.743,SUNAT (publicado),22/07/2024
23/07/2024,3.749,3.758,SUNAT (publicado),23/07/2024
24/07/2024,3.749,3.758,SUNAT (publicado),24/07/2024
25/07/2024,3.769,3.778,SUNAT (publicado),25/07/2024
26/07/2024,3.757,3.764,SUNAT (publicado),26/07/2024
27/07/2024,3.757,3.764,Arrastrado (dia sin publicacion),26/07/2024
28/07/2024,3.757,3.764,Arrastrado (dia sin publicacion),26/07/2024
29/07/2024,3.757,3.764,Arrastrado (dia sin publicacion),26/07/2024
30/07/2024,3.757,3.764,Arrastrado (dia sin publicacion),26/07/2024
31/07/2024,3.726,3.742,SUNAT (publicado),31/07/2024
01/08/2024,3.712,3.722,SUNAT (publicado),01/08/2024
02/08/2024,3.733,3.741,SUNAT (publicado),02/08/2024
03/08/2024,3.74,3.748,SUNAT (publicado),03/08/2024
04/08/2024,3.74,3.748,SUNAT (publicado),04/08/2024
05/08/2024,3.74,3.748,SUNAT (publicado),05/08/2024
06/08/2024,3.744,3.754,SUNAT (publicado),06/08/2024
07/08/2024,3.744,3.754,SUNAT (publicado),07/08/2024
08/08/2024,3.729,3.74,SUNAT (publicado),08/08/2024
09/08/2024,3.726,3.732,SUNAT (publicado),09/08/2024
10/08/2024,3.725,3.731,SUNAT (publicado),10/08/2024
11/08/2024,3.725,3.731,SUNAT (publicado),11/08/2024
12/08/2024,3.725,3.731,SUNAT (publicado),12/08/2024
13/08/2024,3.739,3.747,SUNAT (publicado),13/08/2024
14/08/2024,3.746,3.75,SUNAT (publicado),14/08/2024
15/08/2024,3.737,3.744,SUNAT (publicado),15/08/2024
16/08/2024,3.731,3.737,SUNAT (publicado),16/08/2024
17/08/2024,3.738,3.748,SUNAT (publicado),17/08/2024
18/08/2024,3.738,3.748,SUNAT (publicado),18/08/2024
19/08/2024,3.738,3.748,SUNAT (publicado),19/08/2024
20/08/2024,3.726,3.74,SUNAT (publicado),20/08/2024
21/08/2024,3.739,3.747,SUNAT (publicado),21/08/2024
22/08/2024,3.737,3.744,SUNAT (publicado),22/08/2024
23/08/2024,3.754,3.76,SUNAT (publicado),23/08/2024
24/08/2024,3.739,3.748,SUNAT (publicado),24/08/2024
25/08/2024,3.739,3.748,SUNAT (publicado),25/08/2024
26/08/2024,3.739,3.748,SUNAT (publicado),26/08/2024
27/08/2024,3.745,3.759,SUNAT (publicado),27/08/2024
28/08/2024,3.74,3.748,SUNAT (publicado),28/08/2024
29/08/2024,3.735,3.743,SUNAT (publicado),29/08/2024
30/08/2024,3.739,3.75,SUNAT (publicado),30/08/2024
31/08/2024,3.739,3.75,SUNAT (publicado),31/08/2024
01/09/2024,3.739,3.75,SUNAT (publicado),01/09/2024
02/09/2024,3.739,3.75,SUNAT (publicado),02/09/2024
03/09/2024,3.753,3.768,SUNAT (publicado),03/09/2024
04/09/2024,3.771,3.781,SUNAT (publicado),04/09/2024
05/09/2024,3.793,3.797,SUNAT (publicado),05/09/2024
06/09/2024,3.789,3.796,SUNAT (publicado),06/09/2024
07/09/2024,3.779,3.781,SUNAT (publicado),07/09/2024
08/09/2024,3.779,3.781,SUNAT (publicado),08/09/2024
09/09/2024,3.779,3.781,SUNAT (publicado),09/09/2024
10/09/2024,3.802,3.816,SUNAT (publicado),10/09/2024
11/09/2024,3.814,3.823,SUNAT (publicado),11/09/2024
12/09/2024,3.786,3.794,SUNAT (publicado),12/09/2024
13/09/2024,3.766,3.772,SUNAT (publicado),13/09/2024
14/09/2024,3.763,3.771,SUNAT (publicado),14/09/2024
15/09/2024,3.763,3.771,SUNAT (publicado),15/09/2024
16/09/2024,3.763,3.771,SUNAT (publicado),16/09/2024
17/09/2024,3.779,3.788,SUNAT (publicado),17/09/2024
18/09/2024,3.772,3.778,SUNAT (publicado),18/09/2024
19/09/2024,3.757,3.764,SUNAT (publicado),19/09/2024
20/09/2024,3.744,3.751,SUNAT (publicado),20/09/2024
21/09/2024,3.747,3.754,SUNAT (publicado),21/09/2024
22/09/2024,3.747,3.754,SUNAT (publicado),22/09/2024
23/09/2024,3.747,3.754,SUNAT (publicado),23/09/2024
24/09/2024,3.761,3.773,SUNAT (publicado),24/09/2024
25/09/2024,3.76,3.768,SUNAT (publicado),25/09/2024
26/09/2024,3.762,3.767,SUNAT (publicado),26/09/2024
27/09/2024,3.733,3.737,SUNAT (publicado),27/09/2024
28/09/2024,3.716,3.722,SUNAT (publicado),28/09/2024
29/09/2024,3.716,3.722,SUNAT (publicado),29/09/2024
30/09/2024,3.716,3.722,SUNAT (publicado),30/09/2024
01/10/2024,3.703,3.714,SUNAT (publicado),01/10/2024
02/10/2024,3.712,3.718,SUNAT (publicado),02/10/2024
03/10/2024,3.716,3.721,SUNAT (publicado),03/10/2024
04/10/2024,3.724,3.73,SUNAT (publicado),04/10/2024
05/10/2024,3.727,3.734,SUNAT (publicado),05/10/2024
06/10/2024,3.727,3.734,SUNAT (publicado),06/10/2024
07/10/2024,3.727,3.734,SUNAT (publicado),07/10/2024
08/10/2024,3.732,3.744,SUNAT (publicado),08/10/2024
09/10/2024,3.732,3.744,SUNAT (publicado),09/10/2024
10/10/2024,3.75,3.76,SUNAT (publicado),10/10/2024
11/10/2024,3.761,3.767,SUNAT (publicado),11/10/2024
12/10/2024,3.752,3.759,SUNAT (publicado),12/10/2024
13/10/2024,3.752,3.759,SUNAT (publicado),13/10/2024
14/10/2024,3.752,3.759,SUNAT (publicado),14/10/2024
15/10/2024,3.752,3.763,SUNAT (publicado),15/10/2024
16/10/2024,3.765,3.77,SUNAT (publicado),16/10/2024
17/10/2024,3.767,3.773,SUNAT (publicado),17/10/2024
18/10/2024,3.766,3.771,SUNAT (publicado),18/10/2024
19/10/2024,3.748,3.759,SUNAT (publicado),19/10/2024
20/10/2024,3.748,3.759,SUNAT (publicado),20/10/2024
21/10/2024,3.748,3.759,SUNAT (publicado),21/10/2024
22/10/2024,3.758,3.767,SUNAT (publicado),22/10/2024
23/10/2024,3.753,3.759,SUNAT (publicado),23/10/2024
24/10/2024,3.748,3.757,SUNAT (publicado),24/10/2024
25/10/2024,3.752,3.757,SUNAT (publicado),25/10/2024
26/10/2024,3.752,3.758,SUNAT (publicado),26/10/2024
27/10/2024,3.752,3.758,SUNAT (publicado),27/10/2024
28/10/2024,3.752,3.758,SUNAT (publicado),28/10/2024
29/10/2024,3.76,3.775,SUNAT (publicado),29/10/2024
30/10/2024,3.765,3.772,SUNAT (publicado),30/10/2024
31/10/2024,3.772,3.776,SUNAT (publicado),31/10/2024
01/11/2024,3.761,3.775,SUNAT (publicado),01/11/2024
02/11/2024,3.761,3.775,SUNAT (publicado),02/11/2024
03/11/2024,3.761,3.775,SUNAT (publicado),03/11/2024
04/11/2024,3.761,3.775,SUNAT (publicado),04/11/2024
05/11/2024,3.76,3.774,SUNAT (publicado),05/11/2024
06/11/2024,3.771,3.778,SUNAT (publicado),06/11/2024
07/11/2024,3.78,3.787,SUNAT (publicado),07/11/2024
08/11/2024,3.753,3.76,SUNAT (publicado),08/11/2024
09/11/2024,3.764,3.769,SUNAT (publicado),09/11/2024
10/11/2024,3.764,3.769,SUNAT (publicado),10/11/2024
11/11/2024,3.764,3.769,SUNAT (publicado),11/11/2024
12/11/2024,3.766,3.781,SUNAT (publicado),12/11/2024
13/11/2024,3.781,3.788,SUNAT (publicado),13/11/2024
14/11/2024,3.795,3.8,SUNAT (publicado),14/11/2024
15/11/2024,3.798,3.805,SUNAT (publicado),15/11/2024
16/11/2024,3.799,3.807,SUNAT (publicado),16/11/2024
17/11/2024,3.799,3.807,SUNAT (publicado),17/11/2024
18/11/2024,3.799,3.807,SUNAT (publicado),18/11/2024
19/11/2024,3.789,3.799,SUNAT (publicado),19/11/2024
20/11/2024,3.791,3.798,SUNAT (publicado),20/11/2024
21/11/2024,3.792,3.798,SUNAT (publicado),21/11/2024
22/11/2024,3.791,3.797,SUNAT (publicado),22/11/2024
23/11/2024,3.785,3.798,SUNAT (publicado),23/11/2024
24/11/2024,3.785,3.798,SUNAT (publicado),24/11/2024
25/11/2024,3.785,3.798,SUNAT (publicado),25/11/2024
26/11/2024,3.774,3.783,SUNAT (publicado),26/11/2024
27/11/2024,3.768,3.773,SUNAT (publicado),27/11/2024
28/11/2024,3.755,3.762,SUNAT (publicado),28/11/2024
29/11/2024,3.742,3.759,SUNAT (publicado),29/11/2024
30/11/2024,3.739,3.745,SUNAT (publicado),30/11/2024
01/12/2024,3.739,3.745,SUNAT (publicado),01/12/2024
02/12/2024,3.739,3.745,SUNAT (publicado),02/12/2024
03/12/2024,3.746,3.766,SUNAT (publicado),03/12/2024
04/12/2024,3.737,3.749,SUNAT (publicado),04/12/2024
05/12/2024,3.734,3.74,SUNAT (publicado),05/12/2024
06/12/2024,3.727,3.735,SUNAT (publicado),06/12/2024
07/12/2024,3.719,3.727,SUNAT (publicado),07/12/2024
08/12/2024,3.719,3.727,SUNAT (publicado),08/12/2024
09/12/2024,3.719,3.727,SUNAT (publicado),09/12/2024
10/12/2024,3.719,3.727,SUNAT (publicado),10/12/2024
11/12/2024,3.705,3.718,SUNAT (publicado),11/12/2024
12/12/2024,3.714,3.722,SUNAT (publicado),12/12/2024
13/12/2024,3.729,3.735,SUNAT (publicado),13/12/2024
14/12/2024,3.732,3.737,SUNAT (publicado),14/12/2024
15/12/2024,3.732,3.737,SUNAT (publicado),15/12/2024
16/12/2024,3.732,3.737,SUNAT (publicado),16/12/2024
17/12/2024,3.725,3.74,SUNAT (publicado),17/12/2024
18/12/2024,3.738,3.746,SUNAT (publicado),18/12/2024
19/12/2024,3.73,3.74,SUNAT (publicado),19/12/2024
20/12/2024,3.734,3.743,SUNAT (publicado),20/12/2024
21/12/2024,3.717,3.731,SUNAT (publicado),21/12/2024
22/12/2024,3.717,3.731,SUNAT (publicado),22/12/2024
23/12/2024,3.717,3.731,SUNAT (publicado),23/12/2024
24/12/2024,3.721,3.735,SUNAT (publicado),24/12/2024
25/12/2024,3.718,3.731,SUNAT (publicado),25/12/2024
26/12/2024,3.718,3.731,SUNAT (publicado),26/12/2024
27/12/2024,3.738,3.748,SUNAT (publicado),27/12/2024
28/12/2024,3.741,3.75,SUNAT (publicado),28/12/2024
29/12/2024,3.741,3.75,SUNAT (publicado),29/12/2024
30/12/2024,3.741,3.75,SUNAT (publicado),30/12/2024
31/12/2024,3.758,3.77,SUNAT (publicado),31/12/2024
01/01/2025,3.758,3.77,SUNAT (publicado),01/01/2025
02/01/2025,3.758,3.77,SUNAT (publicado),02/01/2025
03/01/2025,3.746,3.759,SUNAT (publicado),03/01/2025
04/01/2025,3.754,3.76,SUNAT (publicado),04/01/2025
05/01/2025,3.754,3.76,SUNAT (publicado),05/01/2025
06/01/2025,3.754,3.76,SUNAT (publicado),06/01/2025
07/01/2025,3.758,3.767,SUNAT (publicado),07/01/2025
08/01/2025,3.767,3.772,SUNAT (publicado),08/01/2025
09/01/2025,3.776,3.783,SUNAT (publicado),09/01/2025
10/01/2025,3.765,3.769,SUNAT (publicado),10/01/2025
11/01/2025,3.762,3.769,SUNAT (publicado),11/01/2025
12/01/2025,3.762,3.769,SUNAT (publicado),12/01/2025
13/01/2025,3.762,3.769,SUNAT (publicado),13/01/2025
14/01/2025,3.774,3.785,SUNAT (publicado),14/01/2025
15/01/2025,3.773,3.778,SUNAT (publicado),15/01/2025
16/01/2025,3.761,3.768,SUNAT (publicado),16/01/2025
17/01/2025,3.764,3.769,SUNAT (publicado),17/01/2025
18/01/2025,3.743,3.752,SUNAT (publicado),18/01/2025
19/01/2025,3.743,3.752,SUNAT (publicado),19/01/2025
20/01/2025,3.743,3.752,SUNAT (publicado),20/01/2025
21/01/2025,3.728,3.742,SUNAT (publicado),21/01/2025
22/01/2025,3.727,3.735,SUNAT (publicado),22/01/2025
23/01/2025,3.718,3.724,SUNAT (publicado),23/01/2025
24/01/2025,3.71,3.717,SUNAT (publicado),24/01/2025
25/01/2025,3.706,3.716,SUNAT (publicado),25/01/2025
26/01/2025,3.706,3.716,SUNAT (publicado),26/01/2025
27/01/2025,3.706,3.716,SUNAT (publicado),27/01/2025
28/01/2025,3.735,3.742,SUNAT (publicado),28/01/2025
29/01/2025,3.737,3.743,SUNAT (publicado),29/01/2025
30/01/2025,3.721,3.728,SUNAT (publicado),30/01/2025
31/01/2025,3.712,3.72,SUNAT (publicado),31/01/2025
01/02/2025,3.715,3.728,SUNAT (publicado),01/02/2025
02/02/2025,3.715,3.728,SUNAT (publicado),02/02/2025
03/02/2025,3.715,3.728,SUNAT (publicado),03/02/2025
04/02/2025,3.713,3.722,SUNAT (publicado),04/02/2025
05/02/2025,3.701,3.712,SUNAT (publicado),05/02/2025
06/02/2025,3.712,3.72,SUNAT (publicado),06/02/2025
07/02/2025,3.708,3.715,SUNAT (publicado),07/02/2025
08/02/2025,3.709,3.718,SUNAT (publicado),08/02/2025
09/02/2025,3.709,3.718,SUNAT (publicado),09/02/2025
10/02/2025,3.709,3.718,SUNAT (publicado),10/02/2025
11/02/2025,3.707,3.719,SUNAT (publicado),11/02/2025
12/02/2025,3.708,3.714,SUNAT (publicado),12/02/2025
13/02/2025,3.709,3.714,SUNAT (publicado),13/02/2025
14/02/2025,3.714,3.719,SUNAT (publicado),14/02/2025
15/02/2025,3.702,3.712,SUNAT (publicado),15/02/2025
16/02/2025,3.702,3.712,SUNAT (publicado),16/02/2025
17/02/2025,3.702,3.712,SUNAT (publicado),17/02/2025
18/02/2025,3.693,3.708,SUNAT (publicado),18/02/2025
19/02/2025,3.683,3.695,SUNAT (publicado),19/02/2025
20/02/2025,3.68,3.69,SUNAT (publicado),20/02/2025
21/02/2025,3.681,3.687,SUNAT (publicado),21/02/2025
22/02/2025,3.674,3.683,SUNAT (publicado),22/02/2025
23/02/2025,3.674,3.683,SUNAT (publicado),23/02/2025
24/02/2025,3.674,3.683,SUNAT (publicado),24/02/2025
25/02/2025,3.68,3.689,SUNAT (publicado),25/02/2025
26/02/2025,3.678,3.686,SUNAT (publicado),26/02/2025
27/02/2025,3.676,3.681,SUNAT (publicado),27/02/2025
28/02/2025,3.668,3.674,SUNAT (publicado),28/02/2025
01/03/2025,3.671,3.683,SUNAT (publicado),01/03/2025
02/03/2025,3.671,3.683,SUNAT (publicado),02/03/2025
03/03/2025,3.671,3.683,SUNAT (publicado),03/03/2025
04/03/2025,3.678,3.691,SUNAT (publicado),04/03/2025
05/03/2025,3.687,3.693,SUNAT (publicado),05/03/2025
06/03/2025,3.657,3.663,SUNAT (publicado),06/03/2025
07/03/2025,3.646,3.651,SUNAT (publicado),07/03/2025
08/03/2025,3.654,3.659,SUNAT (publicado),08/03/2025
09/03/2025,3.654,3.659,SUNAT (publicado),09/03/2025
10/03/2025,3.654,3.659,SUNAT (publicado),10/03/2025
11/03/2025,3.655,3.669,SUNAT (publicado),11/03/2025
12/03/2025,3.664,3.67,SUNAT (publicado),12/03/2025
13/03/2025,3.658,3.667,SUNAT (publicado),13/03/2025
14/03/2025,3.663,3.67,SUNAT (publicado),14/03/2025
15/03/2025,3.653,3.663,SUNAT (publicado),15/03/2025
16/03/2025,3.653,3.663,SUNAT (publicado),16/03/2025
17/03/2025,3.653,3.663,SUNAT (publicado),17/03/2025
18/03/2025,3.642,3.655,SUNAT (publicado),18/03/2025
19/03/2025,3.633,3.641,SUNAT (publicado),19/03/2025
20/03/2025,3.616,3.626,SUNAT (publicado),20/03/2025
21/03/2025,3.62,3.627,SUNAT (publicado),21/03/2025
22/03/2025,3.628,3.641,SUNAT (publicado),22/03/2025
23/03/2025,3.628,3.641,SUNAT (publicado),23/03/2025
24/03/2025,3.628,3.641,SUNAT (publicado),24/03/2025
25/03/2025,3.635,3.648,SUNAT (publicado),25/03/2025
26/03/2025,3.634,3.644,SUNAT (publicado),26/03/2025
27/03/2025,3.636,3.643,SUNAT (publicado),27/03/2025
28/03/2025,3.642,3.649,SUNAT (publicado),28/03/2025
29/03/2025,3.647,3.654,SUNAT (publicado),29/03/2025
30/03/2025,3.647,3.654,SUNAT (publicado),30/03/2025
31/03/2025,3.647,3.654,SUNAT (publicado),31/03/2025
01/04/2025,3.66,3.677,SUNAT (publicado),01/04/2025
02/04/2025,3.667,3.676,SUNAT (publicado),02/04/2025
03/04/2025,3.671,3.68,SUNAT (publicado),03/04/2025
04/04/2025,3.662,3.667,SUNAT (publicado),04/04/2025
05/04/2025,3.686,3.691,SUNAT (publicado),05/04/2025
06/04/2025,3.686,3.691,SUNAT (publicado),06/04/2025
07/04/2025,3.686,3.691,SUNAT (publicado),07/04/2025
08/04/2025,3.696,3.705,SUNAT (publicado),08/04/2025
09/04/2025,3.728,3.732,SUNAT (publicado),09/04/2025
10/04/2025,3.741,3.748,SUNAT (publicado),10/04/2025
11/04/2025,3.725,3.734,SUNAT (publicado),11/04/2025
12/04/2025,3.724,3.732,SUNAT (publicado),12/04/2025
13/04/2025,3.724,3.732,SUNAT (publicado),13/04/2025
14/04/2025,3.724,3.732,SUNAT (publicado),14/04/2025
15/04/2025,3.724,3.734,SUNAT (publicado),15/04/2025
16/04/2025,3.739,3.75,SUNAT (publicado),16/04/2025
17/04/2025,3.728,3.737,SUNAT (publicado),17/04/2025
18/04/2025,3.728,3.737,SUNAT (publicado),18/04/2025
19/04/2025,3.728,3.737,SUNAT (publicado),19/04/2025
20/04/2025,3.728,3.737,SUNAT (publicado),20/04/2025
21/04/2025,3.728,3.737,SUNAT (publicado),21/04/2025
22/04/2025,3.703,3.715,SUNAT (publicado),22/04/2025
23/04/2025,3.689,3.699,SUNAT (publicado),23/04/2025
24/04/2025,3.691,3.7,SUNAT (publicado),24/04/2025
25/04/2025,3.675,3.683,SUNAT (publicado),25/04/2025
26/04/2025,3.662,3.672,SUNAT (publicado),26/04/2025
27/04/2025,3.662,3.672,SUNAT (publicado),27/04/2025
28/04/2025,3.662,3.672,SUNAT (publicado),28/04/2025
29/04/2025,3.663,3.672,SUNAT (publicado),29/04/2025
30/04/2025,3.665,3.673,SUNAT (publicado),30/04/2025
01/05/2025,3.671,3.678,SUNAT (publicado),01/05/2025
02/05/2025,3.671,3.678,SUNAT (publicado),02/05/2025
03/05/2025,3.651,3.665,SUNAT (publicado),03/05/2025
04/05/2025,3.651,3.665,SUNAT (publicado),04/05/2025
05/05/2025,3.651,3.665,SUNAT (publicado),05/05/2025
06/05/2025,3.65,3.662,SUNAT (publicado),06/05/2025
07/05/2025,3.653,3.663,SUNAT (publicado),07/05/2025
08/05/2025,3.65,3.658,SUNAT (publicado),08/05/2025
09/05/2025,3.637,3.646,SUNAT (publicado),09/05/2025
10/05/2025,3.635,3.645,SUNAT (publicado),10/05/2025
11/05/2025,3.635,3.645,SUNAT (publicado),11/05/2025
12/05/2025,3.635,3.645,SUNAT (publicado),12/05/2025
13/05/2025,3.652,3.662,SUNAT (publicado),13/05/2025
14/05/2025,3.651,3.659,SUNAT (publicado),14/05/2025
15/05/2025,3.675,3.682,SUNAT (publicado),15/05/2025
16/05/2025,3.676,3.686,SUNAT (publicado),16/05/2025
17/05/2025,3.69,3.696,SUNAT (publicado),17/05/2025
18/05/2025,3.69,3.696,SUNAT (publicado),18/05/2025
19/05/2025,3.69,3.696,SUNAT (publicado),19/05/2025
20/05/2025,3.682,3.693,SUNAT (publicado),20/05/2025
21/05/2025,3.69,3.697,SUNAT (publicado),21/05/2025
22/05/2025,3.676,3.683,SUNAT (publicado),22/05/2025
23/05/2025,3.66,3.669,SUNAT (publicado),23/05/2025
24/05/2025,3.654,3.665,SUNAT (publicado),24/05/2025
25/05/2025,3.654,3.665,SUNAT (publicado),25/05/2025
26/05/2025,3.654,3.665,SUNAT (publicado),26/05/2025
27/05/2025,3.649,3.665,SUNAT (publicado),27/05/2025
28/05/2025,3.644,3.65,SUNAT (publicado),28/05/2025
29/05/2025,3.639,3.648,SUNAT (publicado),29/05/2025
30/05/2025,3.627,3.638,SUNAT (publicado),30/05/2025
31/05/2025,3.621,3.632,SUNAT (publicado),31/05/2025
01/06/2025,3.621,3.632,SUNAT (publicado),01/06/2025
02/06/2025,3.621,3.632,SUNAT (publicado),02/06/2025
03/06/2025,3.609,3.63,SUNAT (publicado),03/06/2025
04/06/2025,3.618,3.628,SUNAT (publicado),04/06/2025
05/06/2025,3.61,3.618,SUNAT (publicado),05/06/2025
06/06/2025,3.619,3.628,SUNAT (publicado),06/06/2025
07/06/2025,3.642,3.651,SUNAT (publicado),07/06/2025
08/06/2025,3.642,3.651,SUNAT (publicado),08/06/2025
09/06/2025,3.642,3.651,SUNAT (publicado),09/06/2025
10/06/2025,3.637,3.654,SUNAT (publicado),10/06/2025
11/06/2025,3.631,3.64,SUNAT (publicado),11/06/2025
12/06/2025,3.627,3.636,SUNAT (publicado),12/06/2025
13/06/2025,3.616,3.62,SUNAT (publicado),13/06/2025
14/06/2025,3.611,3.618,SUNAT (publicado),14/06/2025
15/06/2025,3.611,3.618,SUNAT (publicado),15/06/2025
16/06/2025,3.611,3.618,SUNAT (publicado),16/06/2025
17/06/2025,3.604,3.614,SUNAT (publicado),17/06/2025
18/06/2025,3.609,3.62,SUNAT (publicado),18/06/2025
19/06/2025,3.596,3.604,SUNAT (publicado),19/06/2025
20/06/2025,3.582,3.599,SUNAT (publicado),20/06/2025
21/06/2025,3.591,3.603,SUNAT (publicado),21/06/2025
22/06/2025,3.591,3.603,SUNAT (publicado),22/06/2025
23/06/2025,3.591,3.603,SUNAT (publicado),23/06/2025
24/06/2025,3.593,3.606,SUNAT (publicado),24/06/2025
25/06/2025,3.571,3.581,SUNAT (publicado),25/06/2025
26/06/2025,3.566,3.576,SUNAT (publicado),26/06/2025
27/06/2025,3.56,3.572,SUNAT (publicado),27/06/2025
28/06/2025,3.539,3.552,SUNAT (publicado),28/06/2025
29/06/2025,3.539,3.552,SUNAT (publicado),29/06/2025
30/06/2025,3.539,3.552,SUNAT (publicado),30/06/2025
01/07/2025,3.534,3.549,SUNAT (publicado),01/07/2025
02/07/2025,3.548,3.556,SUNAT (publicado),02/07/2025
03/07/2025,3.55,3.559,SUNAT (publicado),03/07/2025
04/07/2025,3.538,3.547,SUNAT (publicado),04/07/2025
05/07/2025,3.541,3.556,SUNAT (publicado),05/07/2025
06/07/2025,3.541,3.556,SUNAT (publicado),06/07/2025
07/07/2025,3.541,3.556,SUNAT (publicado),07/07/2025
08/07/2025,3.553,3.563,SUNAT (publicado),08/07/2025
09/07/2025,3.557,3.563,SUNAT (publicado),09/07/2025
10/07/2025,3.546,3.555,SUNAT (publicado),10/07/2025
11/07/2025,3.548,3.557,SUNAT (publicado),11/07/2025
12/07/2025,3.547,3.557,SUNAT (publicado),12/07/2025
13/07/2025,3.547,3.557,SUNAT (publicado),13/07/2025
14/07/2025,3.547,3.557,SUNAT (publicado),14/07/2025
15/07/2025,3.556,3.569,SUNAT (publicado),15/07/2025
16/07/2025,3.561,3.569,SUNAT (publicado),16/07/2025
17/07/2025,3.548,3.56,SUNAT (publicado),17/07/2025
18/07/2025,3.549,3.556,SUNAT (publicado),18/07/2025
19/07/2025,3.558,3.568,SUNAT (publicado),19/07/2025
20/07/2025,3.558,3.568,SUNAT (publicado),20/07/2025
21/07/2025,3.558,3.568,SUNAT (publicado),21/07/2025
22/07/2025,3.554,3.566,SUNAT (publicado),22/07/2025
23/07/2025,3.554,3.561,SUNAT (publicado),23/07/2025
24/07/2025,3.554,3.561,SUNAT (publicado),24/07/2025
25/07/2025,3.542,3.555,SUNAT (publicado),25/07/2025
26/07/2025,3.54,3.552,SUNAT (publicado),26/07/2025
27/07/2025,3.54,3.552,SUNAT (publicado),27/07/2025
28/07/2025,3.54,3.552,SUNAT (publicado),28/07/2025
29/07/2025,3.54,3.552,SUNAT (publicado),29/07/2025
30/07/2025,3.54,3.552,SUNAT (publicado),30/07/2025
31/07/2025,3.556,3.57,SUNAT (publicado),31/07/2025
01/08/2025,3.575,3.588,SUNAT (publicado),01/08/2025
02/08/2025,3.576,3.588,SUNAT (publicado),02/08/2025
03/08/2025,3.576,3.588,SUNAT (publicado),03/08/2025
04/08/2025,3.576,3.588,SUNAT (publicado),04/08/2025
05/08/2025,3.566,3.579,SUNAT (publicado),05/08/2025
06/08/2025,3.555,3.564,SUNAT (publicado),06/08/2025
07/08/2025,3.555,3.564,SUNAT (publicado),07/08/2025
08/08/2025,3.538,3.551,SUNAT (publicado),08/08/2025
09/08/2025,3.527,3.535,SUNAT (publicado),09/08/2025
10/08/2025,3.527,3.535,SUNAT (publicado),10/08/2025
11/08/2025,3.527,3.535,SUNAT (publicado),11/08/2025
12/08/2025,3.522,3.537,SUNAT (publicado),12/08/2025
13/08/2025,3.518,3.525,SUNAT (publicado),13/08/2025
14/08/2025,3.533,3.537,SUNAT (publicado),14/08/2025
15/08/2025,3.555,3.555,SUNAT (publicado),15/08/2025
16/08/2025,3.557,3.563,SUNAT (publicado),16/08/2025
17/08/2025,3.557,3.563,SUNAT (publicado),17/08/2025
18/08/2025,3.557,3.563,SUNAT (publicado),18/08/2025
19/08/2025,3.549,3.561,SUNAT (publicado),19/08/2025
20/08/2025,3.531,3.538,SUNAT (publicado),20/08/2025
21/08/2025,3.527,3.539,SUNAT (publicado),21/08/2025
22/08/2025,3.533,3.541,SUNAT (publicado),22/08/2025
23/08/2025,3.518,3.526,SUNAT (publicado),23/08/2025
24/08/2025,3.518,3.526,SUNAT (publicado),24/08/2025
25/08/2025,3.518,3.526,SUNAT (publicado),25/08/2025
26/08/2025,3.517,3.531,SUNAT (publicado),26/08/2025
27/08/2025,3.53,3.538,SUNAT (publicado),27/08/2025
28/08/2025,3.551,3.558,SUNAT (publicado),28/08/2025
29/08/2025,3.538,3.551,SUNAT (publicado),29/08/2025
30/08/2025,3.53,3.54,SUNAT (publicado),30/08/2025
31/08/2025,3.53,3.54,SUNAT (publicado),31/08/2025
01/09/2025,3.53,3.54,SUNAT (publicado),01/09/2025
02/09/2025,3.522,3.545,SUNAT (publicado),02/09/2025
03/09/2025,3.536,3.546,SUNAT (publicado),03/09/2025
04/09/2025,3.527,3.534,SUNAT (publicado),04/09/2025
05/09/2025,3.531,3.539,SUNAT (publicado),05/09/2025
06/09/2025,3.519,3.527,SUNAT (publicado),06/09/2025
07/09/2025,3.519,3.527,SUNAT (publicado),07/09/2025
08/09/2025,3.519,3.527,SUNAT (publicado),08/09/2025
09/09/2025,3.509,3.522,SUNAT (publicado),09/09/2025
10/09/2025,3.502,3.509,SUNAT (publicado),10/09/2025
11/09/2025,3.484,3.494,SUNAT (publicado),11/09/2025
12/09/2025,3.476,3.485,SUNAT (publicado),12/09/2025
13/09/2025,3.489,3.499,SUNAT (publicado),13/09/2025
14/09/2025,3.489,3.499,SUNAT (publicado),14/09/2025
15/09/2025,3.489,3.499,SUNAT (publicado),15/09/2025
16/09/2025,3.49,3.499,SUNAT (publicado),16/09/2025
17/09/2025,3.484,3.489,SUNAT (publicado),17/09/2025
18/09/2025,3.48,3.488,SUNAT (publicado),18/09/2025
19/09/2025,3.482,3.491,SUNAT (publicado),19/09/2025
20/09/2025,3.487,3.494,SUNAT (publicado),20/09/2025
21/09/2025,3.487,3.494,SUNAT (publicado),21/09/2025
22/09/2025,3.487,3.494,SUNAT (publicado),22/09/2025
23/09/2025,3.499,3.51,SUNAT (publicado),23/09/2025
24/09/2025,3.495,3.509,SUNAT (publicado),24/09/2025
25/09/2025,3.503,3.511,SUNAT (publicado),25/09/2025
26/09/2025,3.501,3.511,SUNAT (publicado),26/09/2025
27/09/2025,3.494,3.502,SUNAT (publicado),27/09/2025
28/09/2025,3.494,3.502,SUNAT (publicado),28/09/2025
29/09/2025,3.494,3.502,SUNAT (publicado),29/09/2025
30/09/2025,3.475,3.495,SUNAT (publicado),30/09/2025
01/10/2025,3.464,3.476,SUNAT (publicado),01/10/2025
02/10/2025,3.465,3.474,SUNAT (publicado),02/10/2025
03/10/2025,3.479,3.485,SUNAT (publicado),03/10/2025
04/10/2025,3.464,3.468,SUNAT (publicado),04/10/2025
05/10/2025,3.464,3.468,SUNAT (publicado),05/10/2025
06/10/2025,3.464,3.468,SUNAT (publicado),06/10/2025
07/10/2025,3.455,3.465,SUNAT (publicado),07/10/2025
08/10/2025,3.446,3.452,SUNAT (publicado),08/10/2025
09/10/2025,3.446,3.452,SUNAT (publicado),09/10/2025
10/10/2025,3.43,3.443,SUNAT (publicado),10/10/2025
11/10/2025,3.436,3.442,SUNAT (publicado),11/10/2025
12/10/2025,3.436,3.442,SUNAT (publicado),12/10/2025
13/10/2025,3.436,3.442,SUNAT (publicado),13/10/2025
14/10/2025,3.423,3.439,SUNAT (publicado),14/10/2025
15/10/2025,3.421,3.428,SUNAT (publicado),15/10/2025
16/10/2025,3.404,3.416,SUNAT (publicado),16/10/2025
17/10/2025,3.387,3.397,SUNAT (publicado),17/10/2025
18/10/2025,3.378,3.389,SUNAT (publicado),18/10/2025
19/10/2025,3.378,3.389,SUNAT (publicado),19/10/2025
20/10/2025,3.378,3.389,SUNAT (publicado),20/10/2025
21/10/2025,3.368,3.378,SUNAT (publicado),21/10/2025
22/10/2025,3.383,3.39,SUNAT (publicado),22/10/2025
23/10/2025,3.395,3.401,SUNAT (publicado),23/10/2025
24/10/2025,3.393,3.4,SUNAT (publicado),24/10/2025
25/10/2025,3.377,3.385,SUNAT (publicado),25/10/2025
26/10/2025,3.377,3.385,SUNAT (publicado),26/10/2025
27/10/2025,3.377,3.385,SUNAT (publicado),27/10/2025
28/10/2025,3.376,3.387,SUNAT (publicado),28/10/2025
29/10/2025,3.387,3.396,SUNAT (publicado),29/10/2025
30/10/2025,3.385,3.394,SUNAT (publicado),30/10/2025
31/10/2025,3.39,3.398,SUNAT (publicado),31/10/2025
01/11/2025,3.372,3.379,SUNAT (publicado),01/11/2025
02/11/2025,3.372,3.379,SUNAT (publicado),02/11/2025
03/11/2025,3.372,3.379,SUNAT (publicado),03/11/2025
04/11/2025,3.366,3.378,SUNAT (publicado),04/11/2025
05/11/2025,3.38,3.387,SUNAT (publicado),05/11/2025
06/11/2025,3.371,3.381,SUNAT (publicado),06/11/2025
07/11/2025,3.371,3.377,SUNAT (publicado),07/11/2025
08/11/2025,3.37,3.381,SUNAT (publicado),08/11/2025
09/11/2025,3.37,3.381,SUNAT (publicado),09/11/2025
10/11/2025,3.37,3.381,SUNAT (publicado),10/11/2025
11/11/2025,3.366,3.38,SUNAT (publicado),11/11/2025
12/11/2025,3.355,3.366,SUNAT (publicado),12/11/2025
13/11/2025,3.362,3.372,SUNAT (publicado),13/11/2025
14/11/2025,3.361,3.368,SUNAT (publicado),14/11/2025
15/11/2025,3.365,3.374,SUNAT (publicado),15/11/2025
16/11/2025,3.365,3.374,SUNAT (publicado),16/11/2025
17/11/2025,3.365,3.374,SUNAT (publicado),17/11/2025
18/11/2025,3.359,3.372,SUNAT (publicado),18/11/2025
19/11/2025,3.366,3.372,SUNAT (publicado),19/11/2025
20/11/2025,3.372,3.38,SUNAT (publicado),20/11/2025
21/11/2025,3.377,3.385,SUNAT (publicado),21/11/2025
22/11/2025,3.384,3.391,SUNAT (publicado),22/11/2025
23/11/2025,3.384,3.391,SUNAT (publicado),23/11/2025
24/11/2025,3.384,3.391,SUNAT (publicado),24/11/2025
25/11/2025,3.38,3.397,SUNAT (publicado),25/11/2025
26/11/2025,3.375,3.383,SUNAT (publicado),26/11/2025
27/11/2025,3.363,3.371,SUNAT (publicado),27/11/2025
28/11/2025,3.36,3.371,SUNAT (publicado),28/11/2025
29/11/2025,3.357,3.368,SUNAT (publicado),29/11/2025
30/11/2025,3.357,3.368,SUNAT (publicado),30/11/2025
01/12/2025,3.357,3.368,SUNAT (publicado),01/12/2025
02/12/2025,3.362,3.377,SUNAT (publicado),02/12/2025
03/12/2025,3.365,3.374,SUNAT (publicado),03/12/2025
04/12/2025,3.361,3.37,SUNAT (publicado),04/12/2025
05/12/2025,3.356,3.363,SUNAT (publicado),05/12/2025
06/12/2025,3.363,3.369,SUNAT (publicado),06/12/2025
07/12/2025,3.363,3.369,SUNAT (publicado),07/12/2025
08/12/2025,3.363,3.369,SUNAT (publicado),08/12/2025
09/12/2025,3.363,3.369,SUNAT (publicado),09/12/2025
10/12/2025,3.363,3.369,SUNAT (publicado),10/12/2025
11/12/2025,3.364,3.378,SUNAT (publicado),11/12/2025
12/12/2025,3.362,3.37,SUNAT (publicado),12/12/2025
13/12/2025,3.363,3.373,SUNAT (publicado),13/12/2025
14/12/2025,3.363,3.373,SUNAT (publicado),14/12/2025
15/12/2025,3.363,3.373,SUNAT (publicado),15/12/2025
16/12/2025,3.365,3.375,SUNAT (publicado),16/12/2025
17/12/2025,3.366,3.374,SUNAT (publicado),17/12/2025
18/12/2025,3.365,3.372,SUNAT (publicado),18/12/2025
19/12/2025,3.363,3.371,SUNAT (publicado),19/12/2025
20/12/2025,3.362,3.372,SUNAT (publicado),20/12/2025
21/12/2025,3.362,3.372,SUNAT (publicado),21/12/2025
22/12/2025,3.362,3.372,SUNAT (publicado),22/12/2025
23/12/2025,3.36,3.372,SUNAT (publicado),23/12/2025
24/12/2025,3.362,3.371,SUNAT (publicado),24/12/2025
25/12/2025,3.359,3.369,SUNAT (publicado),25/12/2025
26/12/2025,3.359,3.369,SUNAT (publicado),26/12/2025
27/12/2025,3.359,3.369,SUNAT (publicado),27/12/2025
28/12/2025,3.359,3.369,Arrastrado (dia sin publicacion),27/12/2025
29/12/2025,3.359,3.369,SUNAT (publicado),29/12/2025
30/12/2025,3.361,3.372,SUNAT (publicado),30/12/2025
31/12/2025,3.36,3.369,SUNAT (publicado),31/12/2025
01/01/2026,3.358,3.368,SUNAT (publicado),01/01/2026
02/01/2026,3.358,3.368,SUNAT (publicado),02/01/2026
03/01/2026,3.358,3.368,SUNAT (publicado),03/01/2026
04/01/2026,3.358,3.368,SUNAT (publicado),04/01/2026
05/01/2026,3.358,3.368,SUNAT (publicado),05/01/2026
06/01/2026,3.356,3.372,SUNAT (publicado),06/01/2026
07/01/2026,3.357,3.366,SUNAT (publicado),07/01/2026
08/01/2026,3.359,3.368,SUNAT (publicado),08/01/2026
09/01/2026,3.359,3.368,SUNAT (publicado),09/01/2026
10/01/2026,3.358,3.365,SUNAT (publicado),10/01/2026
11/01/2026,3.358,3.365,SUNAT (publicado),11/01/2026
12/01/2026,3.358,3.365,SUNAT (publicado),12/01/2026
13/01/2026,3.355,3.368,SUNAT (publicado),13/01/2026
14/01/2026,3.356,3.361,SUNAT (publicado),14/01/2026
15/01/2026,3.354,3.367,SUNAT (publicado),15/01/2026
16/01/2026,3.357,3.366,SUNAT (publicado),16/01/2026
17/01/2026,3.354,3.363,SUNAT (publicado),17/01/2026
18/01/2026,3.354,3.363,SUNAT (publicado),18/01/2026
19/01/2026,3.354,3.363,SUNAT (publicado),19/01/2026
20/01/2026,3.353,3.366,SUNAT (publicado),20/01/2026
21/01/2026,3.353,3.363,SUNAT (publicado),21/01/2026
22/01/2026,3.353,3.359,SUNAT (publicado),22/01/2026
23/01/2026,3.352,3.36,SUNAT (publicado),23/01/2026
24/01/2026,3.349,3.359,SUNAT (publicado),24/01/2026
25/01/2026,3.349,3.359,SUNAT (publicado),25/01/2026
26/01/2026,3.349,3.359,SUNAT (publicado),26/01/2026
27/01/2026,3.346,3.356,SUNAT (publicado),27/01/2026
28/01/2026,3.345,3.352,SUNAT (publicado),28/01/2026
29/01/2026,3.34,3.345,SUNAT (publicado),29/01/2026
30/01/2026,3.34,3.345,SUNAT (publicado),30/01/2026
31/01/2026,3.35,3.355,SUNAT (publicado),31/01/2026
01/02/2026,3.35,3.355,SUNAT (publicado),01/02/2026
02/02/2026,3.35,3.355,SUNAT (publicado),02/02/2026
03/02/2026,3.358,3.369,SUNAT (publicado),03/02/2026
04/02/2026,3.359,3.365,SUNAT (publicado),04/02/2026
05/02/2026,3.356,3.364,SUNAT (publicado),05/02/2026
06/02/2026,3.363,3.368,SUNAT (publicado),06/02/2026
07/02/2026,3.355,3.363,SUNAT (publicado),07/02/2026
08/02/2026,3.355,3.363,SUNAT (publicado),08/02/2026
09/02/2026,3.355,3.363,SUNAT (publicado),09/02/2026
10/02/2026,3.351,3.363,SUNAT (publicado),10/02/2026
11/02/2026,3.353,3.362,SUNAT (publicado),11/02/2026
12/02/2026,3.352,3.363,SUNAT (publicado),12/02/2026
13/02/2026,3.351,3.358,SUNAT (publicado),13/02/2026
14/02/2026,3.348,3.358,SUNAT (publicado),14/02/2026
15/02/2026,3.348,3.358,SUNAT (publicado),15/02/2026
16/02/2026,3.348,3.358,SUNAT (publicado),16/02/2026
17/02/2026,3.344,3.356,SUNAT (publicado),17/02/2026
18/02/2026,3.344,3.348,SUNAT (publicado),18/02/2026
19/02/2026,3.345,3.353,SUNAT (publicado),19/02/2026
20/02/2026,3.36,3.366,SUNAT (publicado),20/02/2026
21/02/2026,3.353,3.36,SUNAT (publicado),21/02/2026
22/02/2026,3.353,3.36,SUNAT (publicado),22/02/2026
23/02/2026,3.353,3.36,SUNAT (publicado),23/02/2026
24/02/2026,3.352,3.362,SUNAT (publicado),24/02/2026
25/02/2026,3.354,3.363,SUNAT (publicado),25/02/2026
26/02/2026,3.353,3.363,SUNAT (publicado),26/02/2026
27/02/2026,3.353,3.36,SUNAT (publicado),27/02/2026
28/02/2026,3.35,3.361,SUNAT (publicado),28/02/2026
01/03/2026,3.35,3.361,SUNAT (publicado),01/03/2026
02/03/2026,3.35,3.361,SUNAT (publicado),02/03/2026
03/03/2026,3.359,3.368,SUNAT (publicado),03/03/2026
04/03/2026,3.403,3.408,SUNAT (publicado),04/03/2026
05/03/2026,3.405,3.414,SUNAT (publicado),05/03/2026
06/03/2026,3.424,3.432,SUNAT (publicado),06/03/2026
07/03/2026,3.467,3.479,SUNAT (publicado),07/03/2026
08/03/2026,3.467,3.479,SUNAT (publicado),08/03/2026
09/03/2026,3.467,3.479,SUNAT (publicado),09/03/2026
10/03/2026,3.482,3.493,SUNAT (publicado),10/03/2026
11/03/2026,3.434,3.451,SUNAT (publicado),11/03/2026
12/03/2026,3.419,3.427,SUNAT (publicado),12/03/2026
13/03/2026,3.44,3.449,SUNAT (publicado),13/03/2026
14/03/2026,3.446,3.453,SUNAT (publicado),14/03/2026
15/03/2026,3.446,3.453,SUNAT (publicado),15/03/2026
16/03/2026,3.446,3.453,SUNAT (publicado),16/03/2026
17/03/2026,3.425,3.439,SUNAT (publicado),17/03/2026
18/03/2026,3.408,3.417,SUNAT (publicado),18/03/2026
19/03/2026,3.425,3.435,SUNAT (publicado),19/03/2026
20/03/2026,3.447,3.454,SUNAT (publicado),20/03/2026
21/03/2026,3.469,3.477,SUNAT (publicado),21/03/2026
22/03/2026,3.469,3.477,SUNAT (publicado),22/03/2026
23/03/2026,3.469,3.477,SUNAT (publicado),23/03/2026
24/03/2026,3.448,3.468,SUNAT (publicado),24/03/2026
25/03/2026,3.455,3.464,SUNAT (publicado),25/03/2026
26/03/2026,3.459,3.468,SUNAT (publicado),26/03/2026
27/03/2026,3.458,3.466,SUNAT (publicado),27/03/2026
28/03/2026,3.481,3.486,SUNAT (publicado),28/03/2026
29/03/2026,3.481,3.486,SUNAT (publicado),29/03/2026
30/03/2026,3.481,3.486,SUNAT (publicado),30/03/2026
31/03/2026,3.48,3.495,SUNAT (publicado),31/03/2026
01/04/2026,3.486,3.495,SUNAT (publicado),01/04/2026
02/04/2026,3.455,3.467,SUNAT (publicado),02/04/2026
03/04/2026,3.455,3.467,SUNAT (publicado),03/04/2026
04/04/2026,3.455,3.467,SUNAT (publicado),04/04/2026
05/04/2026,3.455,3.467,SUNAT (publicado),05/04/2026
06/04/2026,3.455,3.467,SUNAT (publicado),06/04/2026
07/04/2026,3.426,3.449,SUNAT (publicado),07/04/2026
08/04/2026,3.425,3.438,SUNAT (publicado),08/04/2026
09/04/2026,3.389,3.399,SUNAT (publicado),09/04/2026
10/04/2026,3.374,3.387,SUNAT (publicado),10/04/2026
11/04/2026,3.379,3.385,SUNAT (publicado),11/04/2026
12/04/2026,3.379,3.385,SUNAT (publicado),12/04/2026
13/04/2026,3.379,3.385,SUNAT (publicado),13/04/2026
14/04/2026,3.365,3.379,SUNAT (publicado),14/04/2026
15/04/2026,3.38,3.39,SUNAT (publicado),15/04/2026
16/04/2026,3.425,3.436,SUNAT (publicado),16/04/2026
17/04/2026,3.429,3.436,SUNAT (publicado),17/04/2026
18/04/2026,3.435,3.442,SUNAT (publicado),18/04/2026
19/04/2026,3.435,3.442,SUNAT (publicado),19/04/2026
20/04/2026,3.435,3.442,SUNAT (publicado),20/04/2026
21/04/2026,3.43,3.444,SUNAT (publicado),21/04/2026
22/04/2026,3.433,3.442,SUNAT (publicado),22/04/2026
23/04/2026,3.436,3.444,SUNAT (publicado),23/04/2026
24/04/2026,3.456,3.462,SUNAT (publicado),24/04/2026
25/04/2026,3.467,3.478,SUNAT (publicado),25/04/2026
26/04/2026,3.467,3.478,SUNAT (publicado),26/04/2026
27/04/2026,3.467,3.478,SUNAT (publicado),27/04/2026
28/04/2026,3.498,3.51,SUNAT (publicado),28/04/2026
29/04/2026,3.513,3.519,SUNAT (publicado),29/04/2026
30/04/2026,3.523,3.529,SUNAT (publicado),30/04/2026
01/05/2026,3.512,3.521,SUNAT (publicado),01/05/2026
02/05/2026,3.512,3.521,SUNAT (publicado),02/05/2026
03/05/2026,3.512,3.521,SUNAT (publicado),03/05/2026
04/05/2026,3.512,3.521,SUNAT (publicado),04/05/2026
05/05/2026,3.512,3.522,SUNAT (publicado),05/05/2026
06/05/2026,3.491,3.498,SUNAT (publicado),06/05/2026
07/05/2026,3.465,3.47,SUNAT (publicado),07/05/2026
08/05/2026,3.456,3.461,SUNAT (publicado),08/05/2026
09/05/2026,3.441,3.45,SUNAT (publicado),09/05/2026
10/05/2026,3.441,3.45,SUNAT (publicado),10/05/2026
11/05/2026,3.441,3.45,SUNAT (publicado),11/05/2026
12/05/2026,3.428,3.44,SUNAT (publicado),12/05/2026
13/05/2026,3.428,3.434,SUNAT (publicado),13/05/2026
14/05/2026,3.421,3.426,SUNAT (publicado),14/05/2026
15/05/2026,3.413,3.419,SUNAT (publicado),15/05/2026
16/05/2026,3.426,3.435,SUNAT (publicado),16/05/2026
17/05/2026,3.426,3.435,SUNAT (publicado),17/05/2026
18/05/2026,3.426,3.435,SUNAT (publicado),18/05/2026
19/05/2026,3.429,3.439,SUNAT (publicado),19/05/2026
20/05/2026,3.424,3.431,SUNAT (publicado),20/05/2026
21/05/2026,3.408,3.414,SUNAT (publicado),21/05/2026
22/05/2026,3.411,3.418,SUNAT (publicado),22/05/2026
23/05/2026,3.413,3.421,SUNAT (publicado),23/05/2026
24/05/2026,3.413,3.421,SUNAT (publicado),24/05/2026
25/05/2026,3.413,3.421,SUNAT (publicado),25/05/2026
26/05/2026,3.407,3.42,SUNAT (publicado),26/05/2026
27/05/2026,3.412,3.42,SUNAT (publicado),27/05/2026
28/05/2026,3.414,3.421,SUNAT (publicado),28/05/2026
29/05/2026,3.41,3.416,SUNAT (publicado),29/05/2026
30/05/2026,3.412,3.417,SUNAT (publicado),30/05/2026
31/05/2026,3.412,3.417,SUNAT (publicado),31/05/2026
01/06/2026,3.412,3.417,SUNAT (publicado),01/06/2026
02/06/2026,3.41,3.424,SUNAT (publicado),02/06/2026
03/06/2026,3.407,3.414,SUNAT (publicado),03/06/2026
04/06/2026,3.415,3.422,SUNAT (publicado),04/06/2026
05/06/2026,3.412,3.418,SUNAT (publicado),05/06/2026
06/06/2026,3.442,3.443,SUNAT (publicado),06/06/2026
07/06/2026,3.442,3.443,SUNAT (publicado),07/06/2026
08/06/2026,3.442,3.443,SUNAT (publicado),08/06/2026
09/06/2026,3.488,3.498,SUNAT (publicado),09/06/2026
10/06/2026,3.372,3.375,SUNAT (publicado),10/06/2026
11/06/2026,3.4,3.402,SUNAT (publicado),11/06/2026
12/06/2026,3.39,3.394,SUNAT (publicado),12/06/2026
13/06/2026,3.383,3.389,SUNAT (publicado),13/06/2026
14/06/2026,3.383,3.389,SUNAT (publicado),14/06/2026
15/06/2026,3.383,3.389,SUNAT (publicado),15/06/2026
16/06/2026,3.375,3.387,SUNAT (publicado),16/06/2026
17/06/2026,3.376,3.382,SUNAT (publicado),17/06/2026
18/06/2026,3.378,3.384,SUNAT (publicado),18/06/2026
19/06/2026,3.381,3.388,SUNAT (publicado),19/06/2026
20/06/2026,3.377,3.386,SUNAT (publicado),20/06/2026
21/06/2026,3.377,3.386,SUNAT (publicado),21/06/2026
22/06/2026,3.377,3.386,SUNAT (publicado),22/06/2026
23/06/2026,3.376,3.387,SUNAT (publicado),23/06/2026
24/06/2026,3.401,3.41,SUNAT (publicado),24/06/2026
25/06/2026,3.419,3.425,SUNAT (publicado),25/06/2026
26/06/2026,3.408,3.415,SUNAT (publicado),26/06/2026
27/06/2026,3.406,3.415,SUNAT (publicado),27/06/2026
28/06/2026,3.406,3.415,SUNAT (publicado),28/06/2026
29/06/2026,3.406,3.415,SUNAT (publicado),29/06/2026
30/06/2026,3.406,3.415,SUNAT (publicado),30/06/2026
01/07/2026,3.403,3.415,SUNAT (publicado),01/07/2026
02/07/2026,3.409,3.416,SUNAT (publicado),02/07/2026
03/07/2026,3.402,3.409,SUNAT (publicado),03/07/2026
04/07/2026,3.392,3.403,SUNAT (publicado),04/07/2026
05/07/2026,3.392,3.403,SUNAT (publicado),05/07/2026
06/07/2026,3.392,3.403,SUNAT (publicado),06/07/2026
07/07/2026,3.399,3.411,SUNAT (publicado),07/07/2026
08/07/2026,3.401,3.409,SUNAT (publicado),08/07/2026
09/07/2026,3.405,3.412,SUNAT (publicado),09/07/2026
10/07/2026,3.399,3.406,SUNAT (publicado),10/07/2026
11/07/2026,3.388,3.397,SUNAT (publicado),11/07/2026
12/07/2026,3.388,3.397,SUNAT (publicado),12/07/2026
13/07/2026,3.388,3.397,SUNAT (publicado),13/07/2026
14/07/2026,3.395,3.406,SUNAT (publicado),14/07/2026
15/07/2026,3.389,3.397,SUNAT (publicado),15/07/2026
16/07/2026,3.381,3.391,SUNAT (publicado),16/07/2026
17/07/2026,3.389,3.396,SUNAT (publicado),17/07/2026
18/07/2026,3.402,3.408,SUNAT (publicado),18/07/2026
19/07/2026,3.402,3.408,SUNAT (publicado),19/07/2026
20/07/2026,3.402,3.408,SUNAT (publicado),20/07/2026
21/07/2026,3.398,3.408,SUNAT (publicado),21/07/2026
22/07/2026,3.393,3.403,SUNAT (publicado),22/07/2026
23/07/2026,3.398,3.404,SUNAT (publicado),23/07/2026
24/07/2026,3.398,3.404,SUNAT (publicado),24/07/2026
25/07/2026,3.399,3.411,SUNAT (publicado),25/07/2026
26/07/2026,3.399,3.411,SUNAT (publicado),26/07/2026
27/07/2026,3.399,3.411,SUNAT (publicado),27/07/2026
28/07/2026,3.399,3.411,SUNAT (publicado),28/07/2026
29/07/2026,3.399,3.411,SUNAT (publicado),29/07/2026
30/07/2026,3.399,3.411,SUNAT (publicado),30/07/2026
31/07/2026,3.384,3.399,SUNAT (publicado),31/07/2026
01/08/2026,3.391,3.4,SUNAT (publicado),01/08/2026
02/08/2026,3.391,3.4,SUNAT (publicado),02/08/2026
03/08/2026,3.391,3.4,SUNAT (publicado),03/08/2026
04/08/2026,3.391,3.402,SUNAT (publicado),04/08/2026
05/08/2026,3.386,3.394,SUNAT (publicado),05/08/2026
06/08/2026,3.385,3.394,SUNAT (publicado),06/08/2026
07/08/2026,3.385,3.394,SUNAT (publicado),07/08/2026
08/08/2026,3.374,3.391,SUNAT (publicado),08/08/2026
09/08/2026,3.374,3.391,SUNAT (publicado),09/08/2026
10/08/2026,3.374,3.391,SUNAT (publicado),10/08/2026
11/08/2026,3.371,3.387,SUNAT (publicado),11/08/2026
12/08/2026,3.364,3.372,SUNAT (publicado),12/08/2026
13/08/2026,3.359,3.365,SUNAT (publicado),13/08/2026
14/08/2026,3.361,3.371,SUNAT (publicado),14/08/2026
15/08/2026,3.358,3.368,SUNAT (publicado),15/08/2026
16/08/2026,3.358,3.368,SUNAT (publicado),16/08/2026
17/08/2026,3.358,3.368,SUNAT (publicado),17/08/2026
18/08/2026,3.358,3.37,SUNAT (publicado),18/08/2026
19/08/2026,3.356,3.362,SUNAT (publicado),19/08/2026
20/08/2026,3.355,3.361,SUNAT (publicado),20/08/2026
21/08/2026,3.351,3.361,SUNAT (publicado),21/08/2026
22/08/2026,3.343,3.352,SUNAT (publicado),22/08/2026
23/08/2026,3.343,3.352,SUNAT (publicado),23/08/2026
24/08/2026,3.343,3.352,SUNAT (publicado),24/08/2026
25/08/2026,3.342,3.356,SUNAT (publicado),25/08/2026
26/08/2026,3.339,3.35,SUNAT (publicado),26/08/2026
